Date,normalized_one1,normalized_one2,normalized_one3,normalized_one4,normalized_two1,normalized_two2,normalized_two3,normalized_two4,LTC_normalized_vf_us_cases1,LTC_normalized_vf_us_cases2,LTC_normalized_vf_us_deaths1,LTC_normalized_vf_us_deaths2,normalized_one_dose_one1,normalized_one_dose_one2,normalized_one_dose_one3,normalized_one_dose_one4,normalized_one_dose_two1,normalized_one_dose_two2,normalized_one_dose_two3,normalized_one_dose_two4,LTC_normalized_vf_one_dose_us_cases1,LTC_normalized_vf_one_dose_us_cases2,LTC_normalized_vf_one_dose_us_deaths1,LTC_normalized_vf_one_dose_us_deaths2,one_minus_vf_LTC,one_minus_vf_US,vf_LTC,vf_US,one_minus_vf_one_dose_LTC,one_minus_vf_one_dose_US,vf_one_dose_LTC,vf_one_dose_US,New Cases,New Deaths,sum_residents_weekly_confirmed,sum_residents_weekly_covid_19
12/13/2020,3902.85714285714,3902.85714285714,183088.782182163,1573.0067201157,0,0,42856204773.8192,368198954.105226,0.0286739693666913,0.0286739693666913,0.000578355386612713,0.000578355386612713,3903.03590190145,3903.03590190145,183094.013473388,1573.05166473848,85215221.4597629,85215221.4597629,5574534811.65975,47893599.0274665,0.0286752826946388,0.0286739693666913,0.000578381876502657,0.000578355386612713,1,0.999995727853155,0,4.27214684469326e-06,0.9999542,0.999967156362605,4.58e-05,3.28436373950077e-05,183088,1573,3902.85714285714,3902.85714285714
12/14/2020,3902.85714285714,3902.85714285714,199734.860527982,1847.00795755947,0,0,46359727374.8277,428702256.307423,0.0265070045153972,0.0265070045153972,0.000492557114349963,0.000492557114349963,3903.03590190145,3903.03590190145,199742.723132265,1847.08066541147,85215221.4597629,85215221.4597629,4573519218.73948,42292699.275095,0.0265082185918087,0.0265070045153972,0.000492579674499055,0.000492557114349963,1,0.999995691648521,0,4.30835147897032e-06,0.9999542,0.999956328159903,4.58e-05,4.36718400967055e-05,199734,1847,3902.85714285714,3902.85714285714
12/15/2020,3902.85714285714,3902.85714285714,198853.87413101,2963.01302494899,0,0,45236570950.3727,674045449.2814,0.0271651338074514,0.0271651338074514,0.000307037769357282,0.000307037769357282,3903.03590190145,3903.03590190145,198889.18656936,2963.53919631593,85215221.4597629,85215221.4597629,1092938958.20733,16285286.7855568,0.0271663780275651,0.0271651338074514,0.000307051832331203,0.000307037769357282,1,0.999995604153988,0,4.39584601180655e-06,0.9999542,0.999818056627493,4.58e-05,0.000181943372506516,198853,2963,3902.85714285714,3902.85714285714
12/16/2020,3902.85714285714,3902.85714285714,245462.232312688,3465.01739569001,0,0,48892951901.1665,690187354.966947,0.0251336328667819,0.0251336328667819,0.000262554788581586,0.000262554788581586,3903.03590190145,3903.03590190145,245618.422891041,3467.22222804216,85215221.4597629,85215221.4597629,382979522.88024,5406252.10025231,0.0251347840398909,0.0251336328667819,0.000262566814141674,0.000262554788581586,1,0.999994979624047,0,5.02037595308587e-06,0.9999542,0.999359075393499,4.58e-05,0.000640924606501107,245461,3465,3902.85714285714,3902.85714285714
12/17/2020,3902.85714285714,3902.85714285714,249486.631132003,3432.02243840325,0,0,38159494171.7974,524934901.888325,0.0322031916179161,0.0322031916179161,0.000265078951575904,0.000265078951575904,3903.03980512002,3903.03980512002,249841.3199483,3436.90165766506,83394383.3943834,83394383.3943834,174931720.788066,2406419.88794774,0.0322046987978198,0.0322031916179161,0.000265091357851451,0.000265078951575904,1,0.99999346204646,0,6.53795353986603e-06,0.9999532,0.998573814978347,4.68e-05,0.00142618502165343,249485,3432,3902.85714285714,3902.85714285714
12/18/2020,3902.85714285714,3902.85714285714,239381.99334963,2745.02285798619,0,0,28747220610.7899,329647926.211957,0.0427470022056988,0.0427470022056988,0.000331420522459448,0.000331420522459448,3904.06974692054,3904.06974692054,240013.580745264,2752.26534859115,12565541.348542,12565541.348542,90682129.1339848,1039863.16514658,0.0427602835497693,0.0427470022056988,0.000331523493656577,0.000331420522459448,1,0.999991672934116,0,8.32706588372415e-06,0.9996894,0.997360229603274,0.0003106,0.00263977039672625,239380,2745,3902.85714285714,3902.85714285714
12/19/2020,3902.85714285714,3902.85714285714,200761.102408502,2622.02745837095,0,0,19170678825.779,250377417.108038,0.0641008862557691,0.0641008862557691,0.000346966965144651,0.000346966965144651,3904.32204448823,3904.32204448823,201397.293176939,2630.33638696115,10402071.2762717,10402071.2762717,63344432.686587,827305.8866812,0.0641249459354841,0.0641008862557691,0.000347097196012595,0.000346966965144651,1,0.999989527809535,0,1.047219046464e-05,0.9996248,0.996830676485915,0.0003752,0.0031693235140854,200759,2622,3902.85714285714,3902.85714285714
12/20/2020,823.714285714286,4726.57142857143,194602.352025082,1727.02087331612,0,0,16100856236.2956,142888893.731153,0.0161081808264104,0.0924306747871337,0.000111178732680463,0.00063795691111096,824.058247626845,4728.5451233059,195278.301491198,1733.01966431294,1973441.02950236,11323841.4675885,56023992.226653,497191.339030985,0.0161149071886709,0.0924306747871337,0.000111225158061438,0.00063795691111096,1,0.999987913686257,0,1.20863137428257e-05,0.9995826,0.996526488165772,0.0004174,0.00347351183422842,194600,1727,823.714285714286,4726.57142857143
12/21/2020,823.714285714286,4726.57142857143,186073.709288487,1902.02769408829,0,0,12779340896.1772,130629202.748031,0.0202949045511314,0.116454597984519,0.000100949104266344,0.000579258075573404,826.373390008656,4741.82968814193,186928.891267346,1910.76928264207,255986.787778695,1468882.91024036,40543652.8507987,414433.349217337,0.0203604203116101,0.116454597984519,0.000101274986919252,0.000579258075573404,1,0.999985439702915,0,1.45602970850916e-05,0.9967822,0.995410600996295,0.0032178,0.00458939900370458,186071,1902,823.714285714286,4726.57142857143
12/22/2020,823.715768402669,4726.57993641531,200679.175855418,3240.06742131085,457619047.619048,2625873015.87302,9643842897.58953,155704751.404959,0.0268934255057036,0.154317703135919,5.92605994431184e-05,0.000340044431698754,829.128494785233,4757.63881000073,201866.796868969,3259.2421669638,126143.075913367,723824.108510173,33990372.4505656,548791.861167722,0.0270701451453367,0.154317703135919,5.96500073218511e-05,0.000340044431698754,0.9999982,0.999979191386449,1.8e-06,2.08086135507411e-05,0.99347,0.994096122356651,0.00653,0.005903877643349,200675,3240,823.714285714286,4726.57142857143
12/23/2020,823.71791007309,4726.59222557722,233325.004022556,3445.08865055013,187207792.207792,1074220779.22078,9067113939.92719,133877684.727987,0.0286041012169751,0.164133765672015,5.57340772105279e-05,0.000319808823896553,832.510424355946,4777.04472775595,235098.081013243,3471.26847402321,77960.4275790083,447346.289781316,30832125.5499996,455242.275681572,0.0289094265782704,0.164133765672015,5.63289928532773e-05,0.000319808823896553,0.9999956,0.999974267556188,4.4e-06,2.57324438124215e-05,0.9894342,0.992432600872047,0.0105658,0.00756739912795285,233319,3445,823.714285714286,4726.57142857143
12/24/2020,823.720545990435,4726.60735078729,197706.596280917,2824.07993837821,108383458.646617,621917293.233083,6984422756.65967,99766869.4888083,0.0371337022209597,0.213077639903342,6.79900907444169e-05,0.000390135300445678,832.85149951547,4779.00185795505,199321.539044272,2847.14809869968,75081.0578538224,430824.120733883,24316641.8790522,347343.699153992,0.0375453298182589,0.213077639903342,6.87437618307726e-05,0.000390135300445678,0.9999924,0.999971694010101,7.6e-06,2.83059898989493e-05,0.989029,0.991869724405889,0.010971,0.00813027559411118,197701,2824,823.714285714286,4726.57142857143
12/25/2020,823.720545990435,4726.60735078729,136585.88515468,1626.0462525187,108383458.646617,621917293.233083,4801655250.05749,57163399.5445482,0.0540141808031697,0.309939851899701,0.000118083634449146,0.000677578066143675,832.87086803749,4779.11299685889,137706.54076584,1639.38758610399,74923.984511032,429922.815041971,16725258.2762833,199113.133189122,0.0546141987969695,0.309939851899701,0.000119395369708095,0.000677578066143675,0.9999924,0.99997155522567,7.6e-06,2.84447743303447e-05,0.989006,0.991833788289316,0.010994,0.00816621171068403,136582,1626,823.714285714286,4726.57142857143
12/26/2020,823.7226876857,4726.61964009176,182021.365372145,1548.04563113177,80756302.5210084,463389355.742297,6174930637.71709,52516221.8002047,0.0420017914991987,0.241011320420133,0.00012403377952697,0.000711720712700196,834.430205296748,4788.06066119462,183589.788588363,1561.38467351654,64141.2130097869,368049.978085642,21233016.4335783,180581.429320385,0.0425477700535065,0.241011320420133,0.000125646086555178,0.000711720712700196,0.9999898,0.999970523393593,1.02e-05,2.94766064072409e-05,0.9871578,0.991427689957789,0.0128422,0.00857231004221125,182016,1548,823.714285714286,4726.57142857143
12/27/2020,775.152003936504,5501.77920670892,147707.495183997,1659.05048990374,65690072.6392252,466246973.365617,4853380901.31288,54513171.129077,0.0502876530967165,0.356925561382371,0.000108910556915116,0.000773012047164567,786.633368077032,5583.2702306271,149021.097501516,1673.80487028033,53065.8070775273,376644.003348642,16698964.3322649,187562.756526458,0.0510325016606677,0.356925561382371,0.000110523713762212,0.000773012047164567,0.9999882,0.999969566987837,1.18e-05,3.04330121627266e-05,0.9853928,0.99115496044778,0.0146072,0.00884503955222036,147703,1659,775.142857142857,5501.71428571429
12/28/2020,775.15510459351,5501.80121417347,177702.627204525,1963.07321044077,49059674.5027125,348209764.918626,4764761057.88981,52636108.6160505,0.0512231586058814,0.363565478110893,9.20438599072995e-05,0.000653297665453357,796.185891004939,5651.0709609993,179586.332710373,1983.88242341112,29328.3663570234,208163.296192718,16881564.1829555,186489.906869832,0.0526128976420759,0.363565478110893,9.45411081957038e-05,0.000653297665453357,0.9999842,0.999962706209642,1.58e-05,3.72937903582298e-05,0.9735702,0.989473961175979,0.0264298,0.0105260388240215,177696,1963,775.142857142857,5501.71428571429
12/29/2020,775.166732278211,5501.88374373359,206137.53228786,3470.16046844132,25166975.8812616,178627087.198516,4457557081.87956,75039407.9121811,0.0547541552488513,0.388627354762949,5.20700836831207e-05,0.000369576679470023,809.204879997571,5743.47555076787,208753.230775063,3514.19366019886,18414.9187313594,130703.160741267,16390896.5116266,275927.63183723,0.0571584509274489,0.388627354762949,5.43565197830762e-05,0.000369576679470023,0.9999692,0.99995375763087,3.08e-05,4.62423691303768e-05,0.9579068,0.987424238823436,0.0420932,0.0125757611765644,206128,3470,775.142857142857,5501.71428571429
12/30/2020,775.20502858615,5502.15555859008,236612.540155898,3742.22996501817,9665122.90701817,68599928.7495547,3850168744.40485,60893716.0988806,0.0633950994642426,0.449957993101163,4.82868435539949e-05,0.000342724459814127,822.317920535294,5836.54768810454,240195.174946335,3798.89240251052,13511.6694407175,95901.476870791,15798424.8333158,249865.619008901,0.0672479207966989,0.449957993101163,5.12214644078789e-05,0.000342724459814127,0.9999198,0.99993854866742,8.02e-05,6.14513325795991e-05,0.9426316,0.985023950014241,0.0573684,0.0149760499857594,236598,3742,775.142857142857,5501.71428571429
12/31/2020,775.215882478987,5502.23259602483,232705.660012087,3254.2189938516,8228692.75098574,58404610.251744,3457741905.21811,48353999.5684376,0.070590939018573,0.501031744099389,5.55288391009542e-05,0.000394125811178759,825.129007384403,5856.49987696058,236517.345618746,3307.52263803086,12795.4013902796,90817.6369963962,14379475.1334873,201086.475930929,0.0751360140564547,0.501031744099389,5.91041243144557e-05,0.000394125811178759,0.9999058,0.999932704636038,9.42e-05,6.72953639624881e-05,0.9394202,0.983817907271309,0.0605798,0.0161820927286911,232690,3254,775.142857142857,5501.71428571429
01/01/2021,775.216502710615,5502.23699822912,175200.514878227,2491.1779491841,8159398.4962406,57912781.9548872,2452523088.35226,34872451.3841443,0.0995242183118273,0.706390839591797,7.25372298450919e-05,0.000514845889383372,825.41105044372,5858.50172773471,178092.443395681,2532.29831094962,12727.9585349102,90338.9493358755,10742044.0763255,152741.236809181,0.105968318907191,0.706390839591797,7.72339480304707e-05,0.000514845889383372,0.999905,0.999928568256571,9.5e-05,7.14317434286424e-05,0.9390992,0.983691372074511,0.0609008,0.0163086279254895,175188,2491,775.142857142857,5501.71428571429
01/02/2021,775.22239496058,5502.27881952117,281622.916419563,2495.19418065564,7554998.60763019,53622946.2545252,3618533340.26832,32060399.9416531,0.0674547601326188,0.478772156695063,7.24210253337278e-05,0.000514021107197295,833.54663585893,5916.24549211189,286481.814529322,2538.24427914197,11062.9437869521,78521.2110436968,16528709.4948212,146445.254773878,0.0725297524255276,0.478772156695063,7.78696570491269e-05,0.000514021107197295,0.9998974,0.999922178138621,0.0001026,7.78218613785438e-05,0.9299334,0.982962916730539,0.0700666,0.0170370832694611,281601,2495,775.142857142857,5501.71428571429
01/03/2021,713.652784988917,6215.99433764021,207385.434930397,1695.14251093237,6259398.4962406,54520050.1253133,2466605939.43686,20161727.3028889,0.0910974168762832,0.79346853173903,9.81348939459076e-05,0.000854765731912833,772.63003201024,6729.69265318709,211041.739412999,1725.02868477795,9335.2481026739,81311.0388794862,11912468.0601308,97371.0184884928,0.0986258326144778,0.79346853173903,0.000106244896461695,0.000854765731912833,0.999886,0.999915929822156,0.000114,8.40701778441933e-05,0.9235616,0.982592356264608,0.0764384,0.0174076437353925,207368,1695,713.571428571429,6215.28571428571
01/04/2021,713.661064401117,6216.06645223211,177902.390982492,2099.44125416609,5681301.18289354,49484758.8717016,846263100.427271,9986822.8588921,0.265525031500191,2.31275226135712,7.92375400532642e-05,0.000690167698718192,787.097686717535,6855.70751872268,181333.11035164,2139.92746537032,7638.77334299025,66534.556923619,9299823.36272753,109748.006849943,0.29284789164557,2.31275226135712,8.73911827170358e-05,0.000690167698718192,0.9998744,0.999789823046863,0.0001256,0.000210176953136911,0.9065856,0.980874367924787,0.0934144,0.0191256320752133,177865,2099,713.571428571429,6215.28571428571
01/05/2021,713.675767968706,6216.19452192482,233504.879173527,3639.6659372972,4880789.52511237,42512214.1880008,509917601.257913,7948141.08679718,0.440676425806958,3.83834019170837,4.57069386964206e-05,0.000398112468841876,804.146646983776,7004.20583990453,238454.221033739,3716.81186694292,6335.2435878964,55180.6692249467,11007180.641325,171570.12130841,0.496539866031991,3.83834019170837,5.1501092157344e-05,0.000398112468841876,0.9998538,0.999542282911152,0.0001462,0.00045771708884775,0.8873648,0.978795841768623,0.1126352,0.0212041582313766,233398,3638,713.571428571429,6215.28571428571
01/06/2021,713.700608381546,6216.41088465584,251334.499087795,3846.6808446016,3942383.58326756,34338595.1065509,262406752.943038,4016141.96898411,0.856367013178209,7.45905097944832,4.32486564127071e-05,0.000376700559468998,821.548538896894,7155.77823459203,257163.669306446,3935.89644174959,5429.23924130213,47289.2716058722,10638512.7625087,162822.706023724,0.985773390373709,7.45905097944832,4.97839991557334e-05,0.000376700559468998,0.999819,0.999043111516057,0.000181,0.000956888483942736,0.8685688,0.976397640760005,0.1314312,0.0236023592399949,251094,3843,713.571428571429,6215.28571428571
01/07/2021,713.749294895717,6216.83494955514,282188.226551791,4161.3472011649,2863448.75028663,24940953.9096538,159545092.993501,2352764.79922967,1.40857868157258,12.2688754152509,3.99810731891693e-05,0.000348239549798035,845.295319785119,7362.61531088913,289240.140469838,4265.33971213641,4579.1130473461,39884.5788490264,10791329.71028,159136.581406877,1.66818373846009,12.2688754152509,4.73496986805835e-05,0.000348239549798035,0.9997508,0.998234417651369,0.0002492,0.00176558234863089,0.8441682,0.973896636692357,0.1558318,0.0261033633076428,281690,4154,713.571428571429,6215.28571428571
01/08/2021,713.927535626199,6218.38744594375,315751.374127299,3652.29896548516,1430576.24011914,12460476.5723451,111658448.242041,1291554.26838355,2.01317447388782,17.5349713384259,4.55649103602436e-05,0.000396875386395019,868.298379238939,7562.9744916013,324112.091504003,3749.00745807699,4004.42787909145,34879.0077548812,11031158.5610067,127597.50962865,2.44847837570624,17.5349713384259,5.54173019552535e-05,0.000396875386395019,0.9995012,0.997180141718274,0.0004988,0.00281985828172607,0.8218044,0.971457123178976,0.1781956,0.0285428768210241,314861,3642,713.571428571429,6215.28571428571
01/09/2021,713.975681602352,6218.8068026974,246485.820587966,3509.20191134968,1260281.57642428,10977191.3003986,76969668.255854,1095811.94697161,2.92067124854602,25.4393681702686,4.74261390520546e-05,0.000413086893240789,878.920447089147,7655.49387217368,253197.278150264,3604.75247750143,3793.02232727093,33037.6421206359,8296613.80887188,118118.328130899,3.59541332529894,25.4393681702686,5.83826654232737e-05,0.000413086893240789,0.9994338,0.99680784644695,0.0005662,0.00319215355304995,0.8118726,0.970385628925229,0.1881274,0.0296143710747709,245699,3498,713.571428571429,6215.28571428571
01/10/2021,614.525583676371,6833.68459019134,219487.81658539,2270.70548055361,986099.642169006,10965684.9252225,64460733.561932,666876.837433207,3.0016744940705,33.3794023874237,6.30843841386664e-05,0.000701514786725538,763.037396464576,8485.17463954071,225534.91377571,2333.26556678125,3147.28779783563,34998.6602613003,7263664.59781594,75146.0526044603,3.72708631150477,33.3794023874237,7.83299271980986e-05,0.000701514786725538,0.9993772,0.99660656979974,0.0006228,0.00339343020026041,0.804866,0.969885311050049,0.195134,0.0301146889499513,218743,2263,614.142857142857,6829.42857142857
01/11/2021,615.927445322936,6849.27365692214,202543.094814778,2308.00600939359,211963.435198059,2357088.62132552,46516449.6229961,530061.246292837,4.16909572707269,46.3614306416462,6.22064372853733e-05,0.000691751788989197,788.737264847039,8770.96387142999,208373.414473461,2374.44329189505,2774.41507856841,30852.2184801213,6264017.34657699,71379.3264197254,5.33881252674606,46.3614306416462,7.96596020731294e-05,0.000691751788989197,0.9971026,0.99566465193207,0.0028974,0.00433534806792958,0.7786406,0.967805804351707,0.2213594,0.0321941956482929,201665,2298,614.142857142857,6829.42857142857
01/12/2021,617.588631151504,6867.74647611742,222731.062670366,4243.29108250827,110073.279768946,1224043.54794934,42175960.5071948,803502.102359482,4.61055472488461,51.2705697087308,3.39265091840865e-05,0.00037727162085472,818.608067709074,9103.13498136776,229554.976973011,4373.29474863843,2458.81583566622,27342.6726773342,6362343.852732,121210.201264581,6.11124801207498,51.2705697087308,4.49692768396933e-05,0.00037727162085472,0.9944206,0.994746746788086,0.0055794,0.00525325321191449,0.7502282,0.965176198406054,0.2497718,0.0348238015939458,221561,4221,614.142857142857,6829.42857142857
01/13/2021,619.557542239009,6889.64128036243,225897.002895156,4146.05289638421,70271.2775347679,781434.913660645,37158240.4946106,681992.362239192,5.24983165807354,58.3794957538645,3.48328907334658e-05,0.000387350819819508,851.106592993581,9464.52704923265,233354.245874526,4282.92113039086,2205.82711897941,24529.3722377134,5939020.0953241,109003.179114027,7.2118665848944,58.3794957538645,4.78510887772244e-05,0.000387350819819508,0.9912604,0.993957410334524,0.0087396,0.00604258966547585,0.7215816,0.962193763214107,0.2784184,0.037806236785893,224532,4121,614.142857142857,6829.42857142857
01/14/2021,619.931029176068,6893.79455240547,228053.240684319,3916.17859587127,65776.5891036391,731452.807324626,35242440.2075196,605190.654571793,5.5385524563012,61.5901462493453,3.68997643670689e-05,0.000410334993098883,884.888718914141,9840.1930905814,236314.951572701,4058.05044671309,2007.22582621225,22320.874121401,5504334.13775087,94521.5927215094,7.90572234174004,61.5901462493453,5.26706741270982e-05,0.000410334993098883,0.9906632,0.993570621141278,0.0093368,0.00642937885872198,0.694034,0.958834802842731,0.305966,0.0411651971572688,226587,3891,614.142857142857,6829.42857142857
01/15/2021,620.114184672745,6895.83128924523,248633.089512687,3641.6516896837,63777.8944838575,709226.802441333,36480496.7248116,534318.512466668,5.35216868819248,59.517510190214,3.96931868595408e-05,0.000441398578973531,913.96072779422,10163.4814033334,258427.181870798,3785.10272049677,1872.14475062631,20818.7373687931,5560475.8451524,81442.5638060993,7.88834074505058,59.517510190214,5.85021514541923e-05,0.000441398578973531,0.9903706,0.993230629454888,0.0096294,0.00676937054511215,0.6719576,0.955588333287107,0.3280424,0.0444116667128929,246950,3617,614.142857142857,6829.42857142857
01/16/2021,621.000440810641,6905.68668839114,215565.967951079,3536.65827090244,55614.7767905655,618450.806989946,30702383.0843366,503715.118409955,6.36852257549453,70.8196302033244,4.09299786465857e-05,0.000455152025861521,929.638296098209,10337.8200472833,224402.334429541,3681.63110166888,1809.63224433798,20123.5820127522,4645969.93571911,76223.5716319285,9.53368481996135,70.8196302033244,6.1272219966025e-05,0.000455152025861521,0.9889572,0.993027805059562,0.0110428,0.00697219494043796,0.6606256,0.953925013945045,0.3393744,0.0460749860549554,214063,3512,614.142857142857,6829.42857142857
01/17/2021,614.480314662513,7528.07078836364,186897.086583956,2060.60957014407,49862.8156472309,610875.23382363,26174037.6602457,288578.455008636,7.39190066379454,90.5590466118675,6.95112294238846e-05,0.000851590267747778,931.002728282789,11405.824198814,194688.829825127,2146.51642393362,1744.17869584857,21368.1388591191,3962868.25807965,43692.0896257569,11.1995120445279,90.5590466118675,0.000105316871339435,0.000851590267747778,0.9878266,0.992910073622999,0.0121734,0.00708992637700125,0.6519852,0.953172301496107,0.3480148,0.0468276985038927,185572,2046,607,7436.42857142857
01/18/2021,619.560473389112,7590.30841192521,151863.988380307,1982.3244086805,29941.005859953,366810.793137175,19492854.2674699,254445.844741611,10.00753545556,122.603496855537,7.28537115995174e-05,0.000892539410993853,969.446929728034,11876.8086436792,158398.417275539,2067.62019232189,1623.55985960888,19890.4232741681,3096492.65809653,40419.4110987848,15.6591243925981,122.603496855537,0.000113996631584802,0.000892539410993853,0.9797268,0.992269474858206,0.0202732,0.00773052514179387,0.6261302,0.951335263267625,0.3738698,0.048664736732375,150690,1967,607,7436.42857142857
01/19/2021,625.641101755011,7664.80290700332,149910.115937268,2353.55280571226,20372.4089786274,249584.784509873,17016669.4211039,267157.621815703,11.5762948709211,141.8225534257,6.19646545861311e-05,0.000759136289593093,1012.12245914744,12399.6315864721,156668.641919349,2459.66003995829,1516.4756207182,18578.5216372055,2885739.98333023,45305.4244662514,18.7273949868475,141.8225534257,0.000100242484715294,0.000759136289593093,0.9702048,0.991267327564364,0.0297952,0.00873267243563579,0.5997298,0.948505062528707,0.4002702,0.0514949374712929,148601,2333,607,7436.42857142857
01/20/2021,631.290807698628,7734.01812067594,190481.645167608,4333.03068969214,15775.2481937731,193264.425682951,18990312.811983,431987.07229125,10.4668552314406,128.230677588289,3.39609951941143e-05,0.000416060156467315,1064.23565087741,13038.0764430274,199547.455398973,4539.25756223338,1412.81861736496,17308.6074669176,3434433.74793205,78125.6735703298,17.6451175179943,128.230677588289,5.72517473470117e-05,0.000416060156467315,0.961522,0.990069147261176,0.038478,0.00993085273882371,0.5703624,0.945088473430721,0.4296376,0.0549115265692792,188590,4290,607,7436.42857142857
01/21/2021,632.736163821751,7751.72534896241,191512.067428481,3990.69814268561,14923.3916173318,182828.230322477,17707787.6144366,368992.07497926,11.2506398661942,137.832915564778,3.69586829182076e-05,0.000452785182232831,1116.16419051066,13674.2591049734,201299.217419477,4194.64122478846,1330.63494304356,16301.7655825212,3222207.92997495,67143.8587351679,19.846441624467,137.832915564778,6.51961445550666e-05,0.000452785182232831,0.9593256,0.989300583216531,0.0406744,0.0106994167834686,0.5438268,0.941200877126054,0.4561732,0.0587991228739458,189463,3948,607,7436.42857142857
01/22/2021,633.326495772154,7758.95757529289,193600.824344109,3855.53035237439,14602.3681336393,178895.333771851,16953833.409211,337632.959569064,11.761930707481,144.096799947734,3.82900769286195e-05,0.000469096247239183,1168.64444175761,14317.2008509514,204255.87854959,4067.724102244,1263.01824322693,15473.3854203761,3044779.12796858,60636.3035071245,21.7036789671609,144.096799947734,7.06546873939739e-05,0.000469096247239183,0.9584314,0.988709633073544,0.0415686,0.0112903669264559,0.5194052,0.937133370942506,0.4805948,0.0628666290574937,191415,3812,607,7436.42857142857
01/23/2021,637.053107769655,7804.61273827945,173277.93780071,3326.97526095917,12866.9300819074,157634.277574416,14617935.7230114,280667.64375211,13.7217170992007,168.106374111295,4.46343048176206e-05,0.000546820131155858,1200.07671001046,14702.2812754988,183162.285157574,3516.7569466394,1228.25015833703,15047.4375128816,2632652.70167917,50547.5222082658,25.8488859268812,168.106374111295,8.40818277563477e-05,0.000546820131155858,0.9528248,0.988285076412641,0.0471752,0.0117149235873588,0.505801,0.934952301193859,0.494199,0.065047698806141,171248,3288,607,7436.42857142857
01/24/2021,618.87781780219,8455.33726944242,141926.587401725,2111.2527460083,11504.7135463454,157181.644622729,11723828.4194013,174399.775245285,16.6208922222496,227.080766858397,6.8329366942449e-05,0.000933541042006711,1181.47882638199,16141.7999908953,150126.465026364,2233.23140038791,1167.74432813144,15954.1542042886,2127017.777593,31640.8095619237,31.7303863077567,227.080766858397,0.000130445296212559,0.000933541042006711,0.9489526,0.988038975411143,0.0510474,0.0119610245888571,0.4970768,0.934072483325133,0.5029232,0.0659275166748665,140229,2086,587.285714285714,8023.71428571429
01/25/2021,626.489818237489,8559.33523014517,136460.593253149,2230.74520948434,9384.94910759658,128220.640130691,10097416.3892941,165064.233575481,19.535414115359,266.900041158661,6.54646357841283e-05,0.00089440202711052,1244.55104009471,17003.5158642567,144529.851103854,2362.6547803387,1112.04260721865,15193.1367251381,1967836.65545233,32168.5703363061,38.8080049319084,266.900041158661,0.000130048531010081,0.00089440202711052,0.9374226,0.986665796991124,0.0625774,0.013334203008876,0.4718856,0.931579178776375,0.5281144,0.0684208212236249,134641,2201,587.285714285714,8023.71428571429
01/26/2021,636.02149755756,8689.56055261929,151781.362656737,3781.61566124009,7664.31386586425,104712.686108035,9986381.21523942,248809.570171474,20.0531464227375,273.973491116388,3.92046079290907e-05,0.000535627829955073,1319.50833533833,18027.6101100979,161028.315889361,4012.00246599114,1058.32348379393,14459.2062249501,2089983.70315877,52071.7100259277,41.6028293951925,273.973491116388,8.13349975508093e-05,0.000535627829955073,0.923374,0.985028710923648,0.076626,0.0149712890763519,0.4450792,0.928464035497485,0.5549208,0.0715359645025146,149509,3725,587.285714285714,8023.71428571429
01/27/2021,645.899690191252,8824.52006793526,159768.086752261,3983.95495253215,6471.62481388766,88417.7278756541,9346755.87303414,233069.41397016,21.7582041422561,297.26861927851,3.77914334215189e-05,0.000516320518013386,1408.60899604657,19244.9362374001,169856.550335724,4235.51948756408,1007.2232929023,13761.0565480784,2088814.44822483,52086.3886843049,47.4513342521106,297.26861927851,8.24173689807533e-05,0.000516320518013386,0.9092522,0.983193847990275,0.0907478,0.0168061520097248,0.416926,0.924798011554594,0.583074,0.0752019884454056,157083,3917,587.285714285714,8023.71428571429
01/28/2021,656.201139073236,8965.26226640413,161535.059765505,3685.72178468153,5592.03626566784,76400.4643389685,8629923.87132039,196907.708201815,23.9413637861125,327.095752471612,4.15008639866252e-05,0.00056700012811306,1493.61317780282,20406.2947566221,172211.000349813,3929.31315636685,967.837472990719,13222.9529331055,2001391.16038968,45665.4487900375,54.494170028434,327.095752471612,9.44622519676972e-05,0.00056700012811306,0.8949782,0.981625909757216,0.1050218,0.0183740902427844,0.393198,0.920771609699162,0.606802,0.0792283903008376,158567,3618,587.285714285714,8023.71428571429
01/29/2021,665.592543964646,9093.5711078371,152483.358632362,3551.22548906289,4991.81226220286,68199.9823689822,7558431.8241471,176030.32876506,27.7265362526307,378.810176396317,4.36890807485383e-05,0.00059689635352041,1585.70127146936,21664.4362961197,163038.324817647,3797.04290343238,932.737573206059,12743.4051414964,1795757.48269148,41821.8735598861,66.0554331443549,378.810176396317,0.000104084445537245,0.00059689635352041,0.8823502,0.98022499858734,0.1176498,0.0197750014126596,0.3703634,0.916766043610757,0.6296366,0.0832339563892431,149468,3481,587.285714285714,8023.71428571429
01/30/2021,670.907489609094,9166.18585779235,158629.477124028,2874.81727578942,4711.86341991655,64375.2179136543,7594717.73532228,137637.885127603,27.8144113379409,380.010758259983,5.4399524287549e-05,0.00074322638801617,1639.74378355223,22402.7850515676,169906.87453217,3079.19579031684,914.999017338686,12501.0544412174,1817877.70278021,32945.1141110351,67.9803233544569,380.010758259983,0.000132956157384202,0.00074322638801617,0.8753602,0.979540516788751,0.1246398,0.0204594832112488,0.358157,0.914524503071708,0.641843,0.0854754969282917,155384,2816,587.285714285714,8023.71428571429
01/31/2021,656.299163971037,9873.53595969631,115303.260282871,2109.90342011277,4410.29434827231,66349.6195500772,5425922.06102728,99287.4918344997,38.0844045938915,572.951725225732,7.25073416379222e-05,0.00109081937674936,1634.01243255051,24582.5096191807,123586.105111891,2261.46897506879,878.389470818558,13214.7205159755,1306237.43778937,23902.4883659821,94.8201582585724,572.951725225732,0.000180524224609222,0.00109081937674936,0.8704654,0.979191739444443,0.1295346,0.0208082605555569,0.3496214,0.913565484548449,0.6503786,0.0864345154515511,112904,2066,571.285714285714,8594.57142857143
02/01/2021,669.377968261943,10070.2969058702,129222.211836497,1910.75105643569,3898.43290601024,58649.0423834428,5646342.14533894,83489.9361795057,37.3270005677759,561.557141324965,8.16601199347662e-05,0.00122851616291958,1720.98269962668,25890.9130219905,138608.221980339,2049.53779087693,855.158222875574,12865.2235570493,1426260.38032381,21089.4744001463,95.9683844583294,561.557141324965,0.000209949625354531,0.00122851616291958,0.8534576,0.977626045898709,0.1465424,0.0223739541012913,0.3319532,0.911425009245985,0.6680468,0.0885749907540152,126331,1868,571.285714285714,8594.57142857143
02/02/2021,683.868200693,10288.2917454594,121702.300055409,3436.62098252318,3470.20345683983,52206.6467542881,4879969.11508008,137800.224377961,44.1239320292021,663.811952673382,4.6385632224807e-05,0.000697837560867427,1827.19747111118,27488.835773191,130682.793991844,3690.21153817681,831.150601745553,12504.0466372133,1299419.97425042,36692.9297686702,117.892800012546,663.811952673382,0.000123935737633616,0.000697837560867427,0.835374,0.975667673872552,0.164626,0.0243323261274475,0.3126568,0.908619997881365,0.6873432,0.0913800021186349,118741,3353,571.285714285714,8594.57142857143
02/03/2021,700.096977174178,10532.4416956121,122643.123371862,3682.30406692487,3104.97228818056,46712.0137038057,4471360.82885251,134250.577709517,49.2989143053813,741.665737044349,4.43181132264162e-05,0.000666733265298238,1953.76013082522,29392.8774670436,131912.913722733,3960.62531128078,807.360511361434,12146.1423067083,1255295.03360917,37689.6631491867,137.578444705754,741.665737044349,0.000123678526715918,0.000666733265298238,0.8160094,0.973303653055745,0.1839906,0.0266963469442554,0.2924032,0.904907613904282,0.7075968,0.0950923860957176,119369,3584,571.285714285714,8594.57142857143
02/04/2021,718.284686594376,10806.0623443088,130398.586328981,3570.5319140807,2791.48740836047,41995.8653317787,4323669.99294912,118389.333277203,52.3073766209274,786.925829524439,4.68928249085782e-05,0.000705467900012474,2096.49672723178,31540.2440869513,140514.703983021,3847.52817567526,785.267494234008,11813.7691893239,1276508.51249236,34952.9432086846,152.672395698423,786.925829524439,0.000136868648025354,0.000705467900012474,0.7953472,0.970723713834214,0.2046528,0.0292762861657859,0.2724954,0.900838107414691,0.7275046,0.0991618925853093,126581,3466,571.285714285714,8594.57142857143
02/05/2021,736.159917423438,11074.9819835031,132064.977062737,3525.76846798071,2550.77893478859,38374.5842147415,3997019.51073959,106709.331045238,57.9902217482476,872.420035213322,4.86699707904332e-05,0.000732203746610163,2281.33394199331,34320.9834004004,142543.762340899,3805.52296109612,762.138441161407,11465.8096767073,1239422.6811877,33089.1467595968,179.709677268261,872.420035213322,0.00015082654419525,0.000732203746610163,0.7760348,0.968015917946734,0.2239652,0.0319840820532659,0.2504174,0.896854396857177,0.7495826,0.103145603142823,127841,3413,571.285714285714,8594.57142857143
02/06/2021,745.695162800974,11218.4327042841,112541.33326387,2809.21504264129,2442.55685312189,36746.4629651211,3279108.74128903,81851.8968571967,71.6018720874687,1077.19725644568,6.18755465965297e-05,0.000930871876554244,2397.4368827829,36067.6663520843,121662.265117158,3036.88836249691,750.004416755193,11283.2622457679,1029749.75311354,25704.2316161311,230.202605008204,1077.19725644568,0.000198932117241674,0.000930871876554244,0.7661116,0.966818117792206,0.2338884,0.033181882207794,0.2382902,0.894336464105952,0.7617098,0.105663535894048,108807,2716,571.285714285714,8594.57142857143
02/07/2021,853.007773529654,12174.1314600708,94083.3975334329,1590.47714484037,2688.83026807869,38374.9998220496,2704074.46845823,45712.3015620359,99.3237737030424,1417.54942416023,0.000125016767132501,0.00178423996241719,2788.18434763867,39792.9817715605,101755.85276068,1720.1797810511,843.472682537871,12038.0465909525,853799.173662837,14433.4506150438,324.654709817368,1417.54942416023,0.000408636127510167,0.00178423996241719,0.7591624,0.966376665635307,0.2408376,0.0336233343646927,0.2322556,0.89351125791098,0.7677444,0.10648874208902,90920,1537,647.571428571429,9242.14285714286
02/08/2021,873.014032703918,12459.6608969292,85440.6718308388,1677.72675666328,2507.68459003755,35789.6877459694,2314590.89268278,45449.6785684381,118.758814881789,1694.92643476226,0.000121294944909734,0.00173112209594865,2976.0865243485,42474.7226324125,92472.257702769,1815.80010634935,827.664207811967,11812.4279559663,756420.791295348,14853.2001640296,404.846308738725,1694.92643476226,0.00041349192280381,0.00173112209594865,0.7417652,0.96440018827496,0.2582348,0.0355998117250404,0.2175916,0.89106724597179,0.7824084,0.10893275402821,82399,1618,647.571428571429,9242.14285714286
02/09/2021,895.484529630601,12780.359948037,95110.0989692553,2844.44526671202,2339.08653330141,33383.4553875876,2399562.8271256,71763.4110337942,117.501884633614,1676.98751960549,7.33843097764479e-05,0.0010473412576632,3195.8698053544,45611.4707825728,103019.325655605,3080.98547280109,812.131732389318,11590.7483844975,817022.446496617,24434.5832453188,419.349204533673,1676.98751960549,0.000261899219965384,0.0010473412576632,0.723152,0.961874721942752,0.276848,0.0381252780572482,0.2026276,0.888027556167787,0.7973724,0.111972443832213,91484,2736,647.571428571429,9242.14285714286
02/10/2021,920.796396864588,13141.6110512143,100487.838723864,3598.72078947369,2182.38267851582,31146.9771424181,2347560.77781334,84072.0218780429,123.499624398748,1762.58729328855,5.96428195748915e-05,0.000851222636752174,3400.97111868016,48538.6778122685,108954.060655793,3901.917367902,799.873601266698,11415.8002722147,833856.688804361,29862.4932086366,456.147153896561,1762.58729328855,0.000220291377661296,0.000851222636752174,0.7032732,0.958951861476507,0.2967268,0.0410481385234925,0.1904078,0.884436976648623,0.8095922,0.115563023351377,96363,3451,647.571428571429,9242.14285714286
02/11/2021,946.656323407371,13510.6840597485,106412.343766125,3467.01116088853,2049.67752735006,29253.008522372,2304737.15246076,75090.4373280011,129.32718003271,1845.75819815049,6.36472740963186e-05,0.000908374232883595,3639.95986970341,51949.5265321999,115492.327156006,3762.84529665936,787.709904358151,11242.1999255351,852724.925589403,27782.5553836494,497.272065628403,1845.75819815049,0.000244728226916325,0.000908374232883595,0.6840618,0.955866550816262,0.3159382,0.044133449183738,0.1779062,0.880716516021044,0.8220938,0.119283483978956,101716,3314,647.571428571429,9242.14285714286
02/12/2021,971.10611192721,13859.6315709532,102337.35008039,2918.4353499942,1943.71918853476,27740.7705498028,2055095.271803,58606.7812399326,148.783098137955,2123.43316435804,7.75638429186869e-05,0.00110699157679781,4021.02393205578,57388.0748476393,111194.882891222,3171.03263581954,771.879909176656,11016.2741504928,790526.790148166,22544.079240605,616.060789804774,2123.43316435804,0.000321165797236413,0.00110699157679781,0.666839,0.952565216154444,0.333161,0.0474347838455561,0.1610464,0.876686026058991,0.8389536,0.123313973941008,97483,2780,647.571428571429,9242.14285714286
02/13/2021,983.573519397467,14037.5664763775,93243.6698430636,2131.65044968635,1895.62543344711,27054.3762225592,1806059.30828162,41288.4557540302,171.472188355575,2447.25198007146,0.000107555728321452,0.00153503592405832,4245.7575206949,60595.4738145504,101429.157385449,2318.77948729282,764.115916367656,10905.4664040162,704631.103193276,16108.6238938575,740.188017410925,2447.25198007146,0.000464282062711864,0.00153503592405832,0.6583864,0.95090637411882,0.3416136,0.0490936258811797,0.152522,0.874166780889774,0.847478,0.125833219110226,88666,2027,647.571428571429,9242.14285714286
02/14/2021,1078.66177661656,15236.5079194871,69275.4184754126,1353.32738093212,2028.020336983,28646.5587222772,1323208.87766596,25849.4981949964,256.670380149163,3625.56675745695,0.00018579119517441,0.00262437130712581,4773.40975437422,67426.2285937413,75390.4200303702,1472.78676812736,825.987203013276,11667.3834495022,519052.185179141,10139.9248073095,1135.84528795116,3625.56675745695,0.000822183118515775,0.00262437130712581,0.652793,0.950250484930151,0.347207,0.0497495150698486,0.1475136,0.873174601938569,0.8524864,0.126825398061431,65829,1286,704.142857142857,9946.28571428571
02/15/2021,1101.10478630525,15553.5239686989,58299.4428332583,1318.56745343517,1953.17236561865,27589.3026544599,1079404.3474553,24413.0539244031,321.190992919559,4536.94495658985,0.000194656543119472,0.00274959771924328,5035.69942074643,71131.1699066848,63475.7659008915,1435.64114734624,818.609136408715,11563.1654520837,430067.643552431,9726.90595321253,1468.90769807771,4536.94495658985,0.000890225756551646,0.00274959771924328,0.6394876,0.948756923084108,0.3605124,0.0512430769158917,0.1398302,0.871387673940979,0.8601698,0.128612326059021,55312,1251,704.142857142857,9946.28571428571
02/16/2021,1125.74238702151,15901.5394510013,61133.4798716007,1582.66859387964,1880.18108329557,26558.2730256382,1081604.744468,28001.3809725225,327.709706834098,4629.0242703626,0.000165802754815694,0.00234202698342218,5360.61763363697,75720.7632632056,66581.8333553686,1723.71958533678,810.62193993918,11450.3432636083,441873.868488318,11439.556452232,1560.5048307871,4629.0242703626,0.000789528031828135,0.00234202698342218,0.625492,0.946502638513794,0.374508,0.0534973614862058,0.1313548,0.869050866940936,0.8686452,0.130949133059064,57863,1498,704.142857142857,9946.28571428571
02/17/2021,1153.70879341441,16296.5755797697,73490.0959592526,2827.3165585558,1807.02259793758,25524.8815903441,1230704.31470949,47347.7499552253,295.162615472752,4169.28422391456,9.51183863231988e-05,0.00134358339001144,5714.58251548758,80720.6518681897,80051.3880595296,3079.7430870355,803.099674722636,11344.0884059421,518714.484997316,19956.0231001577,1462.00768446453,4169.28422391456,0.000471143039289204,0.00134358339001144,0.6103298,0.943650965409697,0.3896702,0.0563490345903028,0.1232186,0.866306027678485,0.8767814,0.133693972321515,69349,2668,704.142857142857,9946.28571428571
02/18/2021,1182.10186969712,16697.6385830376,72377.4773778724,2605.02800454001,1741.50620889892,24599.4376726269,1151720.41332971,41453.0049791641,323.166779443158,4564.85369282825,0.000105775531354902,0.00149411961758038,6077.22776818403,85843.1540133992,78829.2634092402,2837.24227754189,796.420788996577,11249.746604402,500231.424290658,18004.4527142707,1661.41191054014,4564.85369282825,0.00054379576991037,0.00149411961758038,0.5956702,0.940872802798447,0.4043298,0.0591271972015531,0.1158658,0.863867008961772,0.8841342,0.136132991038228,68098,2451,704.142857142857,9946.28571428571
02/19/2021,1211.864738488,17118.0504265547,77789.2716468735,2704.30433865865,1680.69553584897,23740.4637833128,1172124.22727008,40748.300712246,325.536265310169,4598.32358205624,0.000104457900314437,0.00147550757790472,6496.41807356492,91764.3765376108,84682.5688637468,2943.9462992606,789.742581731147,11155.4143863764,526429.569351912,18301.0553802222,1745.0954800454,4598.32358205624,0.000559965291486261,0.00147550757790472,0.5810408,0.937764275916471,0.4189592,0.0622357240835288,0.1083894,0.861428756576485,0.8916106,0.138571243423515,72948,2536,704.142857142857,9946.28571428571
02/20/2021,1229.03318998021,17360.5613347904,74465.0470028798,2166.01111090947,1648.75382108482,23289.2749115865,1085817.16445052,31583.8388247453,356.39022102417,5034.14744341384,0.000132265213982221,0.00186829646141167,6736.790887496,95159.7339726155,81061.4909426475,2357.88597624697,786.331832990712,11107.2362629631,496580.858471032,14444.3561134343,1953.50818266103,5034.14744341384,0.000724995138904658,0.00186829646141167,0.5729242,0.935821607650433,0.4270758,0.0641783923495673,0.104522,0.859668372609926,0.895478,0.140331627390074,69686,2027,704.142857142857,9946.28571428571
02/21/2021,1253.44085383907,18783.2243063139,57880.5166511854,1354.11786377648,1642.17496040926,24608.53301303,831576.378953884,19454.7750259751,474.592172972858,7111.92012903277,0.000215769515359906,0.00323337730141521,6971.81235736927,104474.905958994,62999.8429048537,1473.88478245084,791.566533076028,11861.8853842203,383663.489829543,8975.82840160034,2639.74767226449,7111.92012903277,0.00120014005361509,0.00323337730141521,0.5671246,0.93492600154411,0.4328754,0.0650739984558904,0.1019616,0.858954522818832,0.8980384,0.141045477181168,54114,1266,710.857142857143,10652.4285714286
02/22/2021,1282.48976211825,19218.5317708745,59831.2830432882,1724.07761470902,1594.84776992141,23899.3194653798,828830.807514283,23883.302662634,487.199565133631,7300.84605573141,0.000173396290252793,0.00259840055773312,7395.42518047156,110822.883728341,65103.706176915,1876.00594112287,786.451837190056,11785.2399806573,390613.577795597,11255.786124318,2809.41652583097,7300.84605573141,0.000999882672761343,0.00259840055773312,0.554279,0.932672628123758,0.445721,0.0673273718762419,0.0961212,0.857140142657301,0.9038788,0.142859857342699,55803,1608,710.857142857143,10652.4285714286
02/23/2021,1312.06162217646,19661.6758401993,75609.5069820097,2158.55081027145,1551.36631225512,23247.7354915449,1001302.99693604,28585.8681220842,412.579444667825,6182.63895710323,0.000141688520147802,0.00212324917239975,7885.76043389432,118170.719106551,82262.0089075539,2348.47088771797,781.285670887933,11707.8232759446,483496.127534664,13803.1710496589,2479.6873909037,6182.63895710323,0.000851577172316919,0.00212324917239975,0.5417864,0.929790482785811,0.4582136,0.0702095172141888,0.0901444,0.85459862862095,0.9098556,0.14540137137905,70301,2007,710.857142857143,10652.4285714286
02/24/2021,1345.0817502087,20156.4933416021,80530.0777940743,2358.75251320481,1507.60623094625,22591.9762505966,1012694.53163329,29662.1565138308,418.204870001035,6266.93780976028,0.000132925717198925,0.00199193568214876,8613.63120987244,129078.102577684,87661.9538244154,2567.64751208273,774.798978124853,11610.6180469927,500568.703723687,14661.8222691796,2678.09931983885,6266.93780976028,0.000851229381471937,0.00199193568214876,0.5284862,0.926337115813505,0.4715138,0.0736628841864949,0.082527,0.850973503846581,0.917473,0.149026496153419,74598,2185,710.857142857143,10652.4285714286
02/25/2021,1380.27565014561,20683.8855314325,80150.8756654633,2403.03047291716,1465.71807372362,21964.2684090331,955190.236115039,28637.8810681719,454.982635970075,6818.06475409577,0.000133890343638023,0.00200639092726215,9591.84169143338,143736.909044436,87353.6244653119,2618.97851729095,767.756000724431,11505.0767094089,481774.465821576,14444.2429709036,3161.77527011769,6818.06475409577,0.000930433700001912,0.00200639092726215,0.515011,0.922585054574308,0.484989,0.0774149454256925,0.0741106,0.84651324375629,0.9258894,0.15348675624371,73946,2217,710.857142857143,10652.4285714286
02/26/2021,1405.77393392275,21065.985717608,79586.7752603212,2082.24378501866,1438.02028533374,21549.2079213186,899586.954145502,23536.0628474568,492.029574872269,7373.22534354913,0.000157371693958826,0.00235826670084963,10210.941302683,153014.320763095,86876.270574852,2272.9602233334,764.04802717456,11449.5115036828,461701.86269653,12079.5927588072,3573.89263449018,7373.22534354913,0.0011430807549784,0.00235826670084963,0.5056696,0.918720475365883,0.4943304,0.0812795246341174,0.0696172,0.84163373400107,0.9303828,0.15836626599893,73118,1913,710.857142857143,10652.4285714286
02/27/2021,1421.94691622978,21308.3431878027,76780.3521201113,1891.05567164778,1421.48173130304,21301.3722383589,841857.485004845,20734.4630205278,531.818788768563,7969.47982759353,0.000175275726991424,0.00262656453669001,10613.3564483819,159044.644350179,83933.4936843245,2067.23341180641,761.886470096691,11417.1198584606,435195.10442955,10718.603754479,3969.47474390483,7969.47982759353,0.00130825120549622,0.00262656453669001,0.4999182,0.916419345015867,0.5000818,0.0835806549841332,0.0669776,0.838318493742637,0.9330224,0.161681506257363,70363,1733,710.857142857143,10652.4285714286
02/28/2021,1382.28278021227,22819.7407230799,54905.1217214333,981.852809268948,1365.25136554952,22538.5736042278,595751.72964072,10653.66018752,730.550860041793,12060.4708745751,0.000328165724267595,0.00541760112271549,10450.5018327502,172524.569981846,60077.3463869282,1074.34624446707,735.176469264241,12136.8338334817,308016.487983533,5508.17199827331,5523.19916812654,12060.4708745751,0.00248103828825653,0.00541760112271549,0.4969006,0.915615855567356,0.5030994,0.084384144432644,0.0657248,0.836787957913838,0.9342752,0.163212042086162,50272,899,686.857142857143,11339.1428571429
03/01/2021,1396.07266871834,23047.3943441867,55611.8691695726,1420.89299992333,1352.06076219557,22320.8134231513,587374.433264195,15007.5196719996,748.362222888263,12354.51395165,0.00022902840996519,0.00378096942857259,10874.8067279046,179529.307242241,60943.2833128145,1557.11156529336,733.164079376174,12103.6118212156,305290.818070871,7800.23388559487,5829.4204297017,12354.51395165,0.00178403298723501,0.00378096942857259,0.4919924,0.913510025082842,0.5080076,0.0864899749171578,0.0631604,0.833594733307024,0.9368396,0.166405266692976,50802,1298,686.857142857143,11339.1428571429
03/02/2021,1410.8304121984,23291.0260270041,60689.5856915041,2140.82293955197,1338.50100137024,22096.9589190435,620180.636438637,21876.8495125786,716.267887636884,11824.6770618324,0.000153616112697844,0.00253600776399307,11404.2070328474,188269.036818891,66647.2511196246,2350.97937198386,730.876675627507,12065.8496778822,324111.784205442,11433.0314616609,5789.82931680846,11824.6770618324,0.00124172964917704,0.00253600776399307,0.486846,0.910864679172437,0.513154,0.0891353208275628,0.0602284,0.829441560924671,0.9397716,0.170558439075329,55280,1950,686.857142857143,11339.1428571429
03/03/2021,1427.30620830109,23563.0205860422,70484.1141087127,1866.23875490644,1324.00121759646,21857.5858247715,693224.294178245,18354.8032063325,648.279444078942,10702.2738340936,0.000178275908688368,0.00294310981202797,11914.3022674345,196690.064096369,77602.088191665,2054.70447172792,728.876741212707,12032.8332897291,364447.761811614,9649.64298455547,5411.45074939067,10702.2738340936,0.00148814112259974,0.00294310981202797,0.4812262,0.9077080815873,0.5187738,0.0922919184126998,0.0576498,0.824449463808009,0.9423502,0.175550536191991,63979,1694,686.857142857143,11339.1428571429
03/04/2021,1444.57350529607,23848.0818239123,73582.4278362188,1769.36660511805,1309.48159453896,21617.8852090132,695130.450633337,16715.1403088916,654.323023882234,10802.0456941823,0.000190311278533748,0.00314179854873913,12414.0530798884,204940.318045561,81257.5903072481,1953.92393170317,727.086089079841,12003.2718874009,367344.880765615,8833.19270239985,5622.97503040687,10802.0456941823,0.00163545455095078,0.00314179854873913,0.475474,0.904278398479917,0.524526,0.095721601520083,0.055329,0.818865040772256,0.944671,0.181134959227744,66539,1600,686.857142857143,11339.1428571429
03/05/2021,1460.86666948226,24117.0613609577,73524.5433612922,2251.66901642531,1296.3751377466,21401.5141812601,666644.742842558,20415.8127857433,689.977601051127,11390.6576759218,0.000151233755361296,0.00249667805699823,13012.40400375,214818.33514843,81439.5517514466,2494.06398199867,725.13315121753,11971.0313528994,354370.68156107,10852.505129881,6145.84991633594,11390.6576759218,0.00134708715372562,0.00249667805699823,0.470171,0.900665233303071,0.529829,0.0993347666969294,0.0527848,0.813130703397121,0.9472152,0.186869296602879,66221,2028,686.857142857143,11339.1428571429
03/06/2021,1467.95274144754,24234.043448348,64664.105840168,1665.44722969599,1290.84561180417,21310.2287003628,570900.46565207,14703.7461756994,809.600089565522,13365.4736915919,0.000205458401869635,0.00339185840058245,13269.1659136985,219057.149591079,71772.553465762,1848.52784685857,724.352068731731,11958.1366687838,304576.619809149,7844.48004191248,7318.16332288515,13365.4736915919,0.00185718623344998,0.00339185840058245,0.4679014,0.898257220838563,0.5320986,0.101742779161437,0.0517634,0.80929265011741,0.9482366,0.19070734988259,58085,1496,686.857142857143,11339.1428571429
03/07/2021,1462.03406239241,25770.2644076658,46797.5774841213,972.906390351444,1278.2867808278,22531.478012798,408925.645295794,8501.43094740017,1125.72422936682,19842.3633122663,0.000350291131936181,0.00617433979266145,13346.588596299,235251.097025841,52009.7717637584,1081.26621141553,718.726341046398,12668.492699282,218011.987835943,4532.39820396213,10276.4898224458,19842.3633122663,0.00319773098804128,0.00617433979266145,0.4664734,0.897311404938604,0.5335266,0.102688595061396,0.0510992,0.807386738606321,0.9489008,0.192613261393679,41992,873,682,12021.1428571429
03/08/2021,1472.3178341298,25951.529347791,47858.9690067043,1022.38878971644,1270.52777947513,22394.7154560689,407779.589999714,8711.20481998828,1136.82851457148,20038.0908764476,0.000335682114069807,0.00591683672701009,13751.3307739459,242385.207785085,53328.2990649942,1139.22753185632,717.588968405883,12648.4450174735,217615.532046875,4648.81891629834,10617.8873710144,20038.0908764476,0.0031352440882438,0.00591683672701009,0.4632152,0.894962864620002,0.5367848,0.105037135379998,0.0495952,0.80317581379819,0.9504048,0.19682418620181,42832,915,682,12021.1428571429
03/09/2021,1483.55107309469,26149.5298908195,59564.0947671601,1394.6496120901,1262.2799292679,22249.3362982898,491854.793798137,11516.4194143588,949.695683188515,16739.6297337552,0.000247959127480209,0.00437060424365408,14290.7432862842,251893.059500261,66574.3186275741,1558.7888645342,716.178321261213,12623.5805147651,263092.064883711,6160.10782449344,9148.22378189412,16739.6297337552,0.00238853943121682,0.00437060424365408,0.4597078,0.891980314780046,0.5402922,0.108019685219954,0.0477232,0.798055482883971,0.9522768,0.201944517116029,53130,1244,682,12021.1428571429
03/10/2021,1493.82537575622,26330.627926086,64584.3959192126,1572.45636130817,1254.93602034395,22119.8902890454,514227.015916924,12520.0449865095,914.668691214712,16122.2331437653,0.000221444010700642,0.00390324059749427,14763.1190444236,260219.300659856,72436.3961065679,1763.63145039694,715.031749716241,12603.3706902225,276009.178294217,6720.08125199592,9039.45199603673,16122.2331437653,0.00218847821486043,0.00390324059749427,0.456546,0.888418931281375,0.543454,0.111581068718625,0.0461962,0.792115608782992,0.9538038,0.207884391217008,57378,1397,682,12021.1428571429
03/11/2021,1503.95770218197,26509.2234443252,69108.2987518344,1569.25561410114,1247.87340049893,21995.4023680737,529210.19380963,12016.8790532305,894.800651245697,15772.0329285762,0.000223400756257492,0.00393773079965552,15221.9231404479,268306.323506999,77811.3705338921,1766.87796193178,713.989440075243,12584.9986182345,285057.968931135,6472.86687950161,9056.49588384282,15772.0329285762,0.00226109360411921,0.00393773079965552,0.4534702,0.884495800128165,0.5465298,0.115504199871835,0.0448037999999999,0.785566422755342,0.9551962,0.214433577244658,61126,1388,682,12021.1428571429
03/12/2021,1513.55228502009,26678.3405278322,71344.7004154327,1217.76162479649,1241.34426298734,21880.3177716503,524702.70520189,8955.99554138088,908.244957171215,16009.0064214586,0.000289719583261243,0.00510668694852682,15749.84989146,277611.72364193,80562.8296607103,1375.1031509638,712.868637751934,12565.2430099602,284930.569417261,4863.3957553587,9451.09189930115,16009.0064214586,0.00301478844975636,0.00510668694852682,0.4505956,0.880303647422907,0.5494044,0.119696352577093,0.043302,0.779577880574736,0.956698,0.220422119425264,62805,1072,682,12021.1428571429
03/13/2021,1518.60356163749,26767.3758912173,60284.5208022272,1059.80235432357,1237.96703304682,21820.7896725647,431922.861786569,7593.20733939829,1107.02414325319,19512.749812834,0.000334012132319218,0.00588740111235809,15945.3089929672,281056.946196105,68198.2243146567,1198.92532490181,712.473339707288,12558.2753644091,235843.718458973,4146.13444295656,11623.7327981854,19512.749812834,0.00350712114193049,0.00588740111235809,0.4490968,0.877522111746563,0.5509032,0.122477888253437,0.0427712,0.775694683133134,0.9572288,0.224305316866866,52901,930,682,12021.1428571429
03/14/2021,1364.17606668075,28202.753371065,45953.1515080598,657.223401416359,1106.6623245415,22878.9562919355,325879.177762574,4660.73413098383,1318.05242507426,27249.2007318018,0.000483838156778583,0.0100027910915772,14404.4660917454,297795.581193432,52039.2058771342,744.26634020036,638.06506091485,13191.2529380904,178137.722312957,2547.73124229685,13917.4421307071,27249.2007318018,0.00510889356105431,0.0100027910915772,0.4478894,0.876414319329901,0.5521106,0.123585680670099,0.0424174,0.773916498554722,0.9575826,0.226083501445278,40274,576,611,12631.7142857143
03/15/2021,1370.29619479287,28329.2799008594,51952.3770133197,863.832551039627,1102.66715513679,22796.3608116682,360407.288723521,5992.63336019245,1197.12570663258,24749.1814897981,0.000369766527133253,0.00764449283660895,14709.7059984785,304106.061210536,58992.6463099477,980.893870196456,637.479096736983,13179.1388103057,197169.79449365,3278.41951335049,12850.7743469636,24749.1814897981,0.00396932934855789,0.00764449283660895,0.445889,0.874011981941816,0.554111,0.125988018058184,0.0415372000000001,0.769706104747893,0.9584628,0.230293895252106,45407,755,611,12631.7142857143
03/16/2021,1376.04182806819,28448.0641855145,59830.7618414588,1066.45902167569,1098.97462609682,22720.0220689111,404358.892367601,7207.53297280264,1071.47861517412,22151.5740264031,0.000300766990910138,0.00621800768535333,15065.8112113307,311468.122265205,68200.8015981908,1215.6515797448,636.826764150843,13165.6525928796,221029.811665877,3939.76659255932,11731.252788917,22151.5740264031,0.00329299488665514,0.00621800768535333,0.4440272,0.871107075957121,0.5559728,0.128892924042879,0.0405554,0.76419922902171,0.9594446,0.23580077097829,52119,929,611,12631.7142857143
03/17/2021,1382.19783481311,28575.3324643078,67400.3800837775,1173.97376724902,1095.07941924587,22639.4931981665,443178.148950913,7719.2371977673,981.998308123474,20301.6727614902,0.000274444494820838,0.00567382069699512,15444.9719159348,319306.828793732,77169.0865674457,1344.12421947981,636.16662442909,13152.0049720058,241862.323692901,4212.73623306611,10973.0574802365,20301.6727614902,0.00306670102370976,0.00567382069699512,0.4420496,0.867992137837825,0.5579504,0.132007862162175,0.0395598,0.758114454923195,0.9604402,0.241885545076805,58503,1019,611,12631.7142857143
03/18/2021,1388.44071971677,28704.3968479766,67873.925043695,1092.83819202433,1091.19223914076,22559.1302710555,433858.519831854,6985.55682616203,1007.62302333067,20831.4339417686,0.000296151669820695,0.00612259129036369,15834.6766460548,327363.520785003,78079.2350912057,1257.15390787823,635.522394207364,13138.6862615393,236373.389212771,3805.84837466892,11491.5851494301,20831.4339417686,0.00337750532896825,0.00612259129036369,0.440062,0.86472087715888,0.559938,0.13527912284112,0.0385862,0.7516979377608,0.9614138,0.2483020622392,58692,945,611,12631.7142857143
03/19/2021,1394.31693759622,28825.8808174264,71645.5277865025,1431.35498745496,1087.58997537525,22484.6576578515,445357.774433668,8897.48587709565,985.760326844524,20379.4481225734,0.000227068481276738,0.00469437672467891,16205.692945882,335033.851218325,82791.8367853077,1654.0391586805,634.938977272302,13126.6247950366,242453.303099411,4843.80191392281,11457.172142379,20379.4481225734,0.00263914321488664,0.00469437672467891,0.4382074,0.861421527717841,0.5617926,0.138578472282159,0.0377028,0.745447889506811,0.9622972,0.254552110493189,61717,1233,611,12631.7142857143
03/20/2021,1397.51567001613,28892.0108894473,70435.7662555472,785.697749578503,1085.65170019098,22444.5860730153,429495.110817748,4790.93733147111,1024.51266683608,21180.607675235,0.000414613925796207,0.00857166063753851,16344.3276355562,337899.962167677,81604.4194513433,910.281979271165,634.728038254051,13122.2638761982,234114.755835903,2611.50615066821,11981.9555893446,21180.607675235,0.00484902315649827,0.00857166063753851,0.4372044,0.859108989890975,0.5627956,0.140891010109025,0.0373830000000001,0.741528466311562,0.962617,0.258471533688438,60512,675,611,12631.7142857143
03/21/2021,1332.6366376158,30256.150818093,45505.2652375147,502.273338387852,1033.24895725296,23458.8599779259,275176.801886856,3037.31821381979,1524.82077514976,34619.4949480246,0.000618463866434179,0.014041589049999,15652.2300393726,355367.861983753,52796.734944066,582.754373102143,604.476365597277,13724.0171606003,149948.843619658,1655.08993034401,17909.4922560124,34619.4949480246,0.00726404965556594,0.014041589049999,0.4367282,0.858098503463038,0.5632718,0.141901496536962,0.0371832,0.739591189518978,0.9628168,0.260408810481022,39048,431,582,13213.7142857143
03/22/2021,1335.69750261287,30325.6446248601,64832.9382992421,1111.10133756067,1031.4163757021,23417.2530895781,385106.865826241,6599.92844606792,1092.05804593457,24794.060141572,0.000280218724148065,0.00636207930996549,15888.6158886159,360734.76073476,75497.3668127479,1293.86739901828,604.129254595846,13716.1363606032,209404.557110126,3588.75734464561,12990.4344254477,24794.060141572,0.00333330538095423,0.00636207930996549,0.4357274,0.855907528729863,0.5642726,0.144092471270137,0.0366300000000001,0.735005766990938,0.96337,0.264994233009062,55491,951,582,13213.7142857143
03/23/2021,1338.33161097873,30385.4493591284,69721.7865518793,847.806042534373,1029.85117411881,23381.7167897137,403897.524938551,4911.33086431721,1043.3053023251,23687.1789994753,0.000367967901658244,0.0083543345684293,16139.8565715839,366438.923280614,81530.8358476423,991.402238855081,603.771893733657,13708.0228480089,219621.097682694,2670.55827011651,12581.9324611078,23687.1789994753,0.00443757668651907,0.0083543345684293,0.4348698,0.85278939253454,0.5651302,0.14721060746546,0.0360598,0.729270090044335,0.9639402,0.270729909955665,59458,723,582,13213.7142857143
03/24/2021,1341.16957360947,30449.8823958227,78708.5794009289,1306.39090271238,1028.17699625334,23343.7062949064,442207.889807463,7339.68734728921,954.939979248477,21680.9347865899,0.000239305815423408,0.00543319359435532,16404.6248639995,372450.2163526,92424.3400128303,1534.04264059849,603.407573200492,13699.7513232088,241148.96550121,4002.54733508204,11680.4261261658,21680.9347865899,0.00292708857033587,0.00543319359435532,0.4339496,0.848903645683274,0.5660504,0.151096354316726,0.0354778,0.722926449793686,0.9645222,0.277073550206313,66816,1109,582,13213.7142857143
03/25/2021,1344.06429338476,30515.6040453894,80964.4982594778,1250.52669536359,1026.48218206831,23305.2272735862,439520.704354763,6788.5602427765,962.852087026675,21860.5710951447,0.000250535795238337,0.0056881587914495,16696.9813464308,379087.871040614,95428.5505425869,1473.92934580915,603.019199012292,13690.9336847916,241123.410891059,3724.24048414448,11961.2755249753,21860.5710951447,0.00311234478908237,0.0056881587914495,0.433015,0.844444188129043,0.566985,0.155555811870957,0.0348566,0.716452252614782,0.9651434,0.283547747385218,68370,1056,582,13213.7142857143
03/26/2021,1346.41250470203,30568.9177798035,84981.1724374834,1405.43494710904,1025.11676995922,23274.2269892361,444819.158529689,7356.5046540299,953.045253366019,21637.916974802,0.000223310989484568,0.00507004744314301,16999.0536609302,385946.113750958,100426.590267883,1660.8742328816,602.63244763621,13682.1528906625,246433.201059622,4075.55959706173,12032.6180473562,21637.916974802,0.0028194000576099,0.00507004744314301,0.4322598,0.839597736221971,0.5677402,0.160402263778029,0.0342372,0.710469207504481,0.9657628,0.289530792495519,71350,1180,582,13213.7142857143
03/27/2021,1347.16110102412,30585.9138930601,75681.6423095246,897.854973294361,1024.68324611201,23264.3842740247,387027.5013467,4591.5304726691,1095.96473106851,24882.7574287956,0.000349748652079178,0.00794068515530576,17038.268771371,386836.452694338,89589.3610244188,1062.85026190447,602.583280736717,13681.0366065349,215749.731035819,2559.56349632561,13861.2535929765,24882.7574287956,0.00442345873260415,0.00794068515530576,0.4320196,0.836437979782493,0.5679804,0.163562020217507,0.0341584,0.706590595983221,0.9658416,0.293409404016779,63303,751,582,13213.7142857143
03/28/2021,1180.24825437049,31757.8739230235,56776.7628670089,609.614232361042,897.179597250849,24141.1215227753,287229.466658411,3083.99355628257,1293.78837743445,34812.9878790215,0.000451295472785104,0.0121433644774886,14945.6168878769,402153.542756276,67275.3793427754,722.338271220366,527.71168152813,14199.5558880244,160511.135154468,1723.4140782522,16383.3882842187,34812.9878790215,0.00571480552036651,0.0121433644774886,0.4318704,0.834954259562868,0.5681296,0.165045740437132,0.0341046,0.704656004367679,0.9658954,0.295343995632321,47406,509,509.714285714286,13715.2857142857
03/29/2021,1181.48097448074,31791.043698703,74041.933070317,737.172404939163,896.468582117854,24121.9896758377,365521.671214642,3639.1876637092,1017.72975558413,27384.8600460666,0.000373594411171263,0.0100526005138227,15114.1098348462,406687.315839147,87945.2530607053,875.595909147512,527.5040430642,14193.9687955338,205298.09585087,2043.97811850874,13019.3203617605,27384.8600460666,0.00477921108006738,0.0100526005138227,0.4314198,0.83155581502076,0.5685802,0.16844418497924,0.0337244,0.700094636802063,0.9662756,0.299905363197937,61570,613,509.714285714286,13715.2857142857
03/30/2021,1182.87436614444,31828.5367910395,76015.6189899986,858.264256136681,895.668029280312,24100.4485670165,364019.561350948,4110.01031358013,1023.1345931422,27530.2922880614,0.000321262697945385,0.00864446968655902,15279.3884133588,411134.597365847,90554.0850969916,1022.41270305426,527.304968542889,14188.6121398254,205796.370603079,2323.57075135466,13216.0027262393,27530.2922880614,0.00414980464969491,0.00864446968655902,0.4309116,0.827251041766478,0.5690884,0.172748958233522,0.0333596,0.694435816259924,0.9666404,0.305564183740076,62884,710,509.714285714286,13715.2857142857
03/31/2021,1184.08837440928,31861.2030722845,84560.7165245462,1139.72081967059,894.973235333764,24081.7531963814,390849.797826626,5267.92664792215,953.878578748189,25666.7658940239,0.000242174461782537,0.00651637991938229,15480.4134589352,416543.737374438,101092.289819429,1362.53560933264,527.068762619811,14182.2563601009,222598.234985218,3000.2092373583,12470.7201825288,25666.7658940239,0.00316611570437814,0.00651637991938229,0.4304698,0.822131160393134,0.5695302,0.177868839606866,0.0329264,0.687688449081294,0.9670736,0.312311550918706,69520,937,509.714285714286,13715.2857142857
04/01/2021,1185.02930689071,31886.5214872915,92621.150692561,946.91376121346,894.436444875842,24067.3093506712,411676.160562553,4208.77757062364,906.342286342375,24387.6692502445,0.000291716752867595,0.0078494535573316,15688.4402401457,422141.278625467,111073.146559375,1135.55802526646,526.830916836107,14175.8564553487,236816.002699967,2421.09205246759,11998.9410504181,24387.6692502445,0.00386199802637851,0.0078494535573316,0.430128,0.816336219477272,0.569872,0.183663780522728,0.0324898,0.680722589951855,0.9675102,0.319277410048145,75610,773,509.714285714286,13715.2857142857
04/02/2021,1185.92537910225,31910.6328115107,80948.4089575564,1006.6034020536,893.926635380905,24053.591503087,348806.241881818,4337.44843484034,1070.51309854722,28805.1432321251,0.000274626016308156,0.00738957958175369,15811.2715577027,425446.398105484,97341.7134450553,1210.45615568424,526.693515242566,14172.1592819207,202127.171568347,2513.47619018492,14272.5449724509,28805.1432321251,0.00366143317039509,0.00738957958175369,0.429803,0.811640412036374,0.570197,0.188359587963626,0.0322374,0.674952162590451,0.9677626,0.325047837409549,65701,817,509.714285714286,13715.2857142857
04/03/2021,1186.12738915078,31916.0684557732,84648.3532654403,854.496758406172,893.811890774383,24050.5039791413,357756.402491533,3611.43098991482,1043.90935640695,28089.2952860321,0.000323566553269701,0.00870646134522538,15835.6360395642,426101.992502927,101974.421270058,1029.39760850829,526.666522404125,14171.4329642525,208229.382613626,2102.00583454122,13936.9251376885,28089.2952860321,0.00431984137540552,0.00870646134522538,0.4297298,0.80866310281723,0.5702702,0.19133689718277,0.0321878,0.671266373934297,0.9678122,0.328733626065703,68452,691,509.714285714286,13715.2857142857
04/04/2021,1033.25258138609,32950.717375831,51240.9443646261,455.596113126251,778.552628579545,24828.2637650134,215268.313321215,1914.00467037636,1511.28113566051,48195.1833207822,0.000528651168509362,0.0168588354462051,13801.4211733695,440131.228957051,61773.0099512677,549.23935495099,458.758537403389,14629.9396508163,125427.877781919,1115.21078121593,20186.5718415513,48195.1833207822,0.00706132998052029,0.0168588354462051,0.429711,0.807732966540965,0.570289,0.192267033459035,0.0321706,0.67001753731365,0.9678294,0.32998246268635,41389,368,444,14159.2857142857
04/05/2021,1033.78521854778,32967.7033257283,77771.74933201,428.028314511254,778.250492891979,24818.6285723901,318386.509664289,1752.28720281127,1022.33806338209,32602.6503063437,0.000562989800556121,0.0179539041448262,13955.0671980488,445031.044187455,93935.629147216,516.988615554881,458.590705316636,14624.5874380497,186797.589673701,1028.06813720327,13800.5420445666,32602.6503063437,0.00759979960790436,0.0179539041448262,0.4294896,0.803685149644358,0.5705104,0.196314850355642,0.0318164,0.665391828078818,0.9681836,0.334608171921182,62504,344,444,14159.2857142857
04/06/2021,1034.56133900198,32992.4540267637,76907.6008182675,886.124550503408,777.811218210032,24804.6199784065,305688.245811414,3522.12078561517,1065.60530940552,33982.4550327312,0.00027214739636866,0.00867885752608743,14100.4306347735,449666.725342848,93101.943100547,1072.71474604848,458.435397159931,14619.6346169583,180733.508664946,2082.40014540395,14523.5407344852,33982.4550327312,0.00370920054738594,0.00867885752608743,0.4291674,0.79898474723196,0.5708326,0.20101525276804,0.0314884,0.660007707182204,0.9685116,0.339992292817796,61448,708,444,14159.2857142857
04/07/2021,1035.12138896505,33010.3141786585,94729.0736043312,972.373700583592,777.494953287263,24794.534200472,367277.999464359,3770.03019129883,887.391447694244,28299.1645232352,0.000248142290263481,0.00791332789558075,14216.82580546,453378.600292204,114881.545887768,1179.23452276372,458.313402549668,14615.7441742955,218601.39893353,2243.89665332933,12187.8359075721,28299.1645232352,0.00340809856047032,0.00791332789558075,0.4289352,0.794961854209,0.5710648,0.205038145791,0.0312306,0.655509981329542,0.9687694,0.344490018670458,75306,773,444,14159.2857142857
04/08/2021,1035.14262586775,33010.9914294987,95634.8174980271,1183.53689567836,777.482972422469,24794.1521273015,369129.811718026,4568.19768043268,882.957788769215,28157.7738847686,0.00020387365046483,0.00650158843816653,14217.3720916829,453396.021514526,116009.333603873,1435.68346921429,458.312834844493,14615.7260700167,219996.793035068,2722.58920234036,12127.1592053879,28157.7738847686,0.0028001431647338,0.00650158843816653,0.4289264,0.794229570224954,0.5710736,0.205770429775046,0.0312294,0.654740421657454,0.9687706,0.345259578342546,75956,940,444,14159.2857142857
