Date,MMWR_week,Location,Distributed,Distributed_Janssen,Distributed_Moderna,Distributed_Pfizer,Distributed_Unk_Manuf,Dist_Per_100K,Distributed_Per_100k_12Plus,Distributed_Per_100k_18Plus,Distributed_Per_100k_65Plus,Administered,Administered_12Plus,Administered_18Plus,Administered_65Plus,Administered_Janssen,Administered_Moderna,Administered_Pfizer,Administered_Unk_Manuf,Administered_Fed_LTC,Administered_Fed_LTC_Residents,Administered_Fed_LTC_Staff,Administered_Fed_LTC_Unk,Administered_Fed_LTC_Dose1,Administered_Fed_LTC_Dose1_Residents,Administered_Fed_LTC_Dose1_Staff,Administered_Fed_LTC_Dose1_Unk,Admin_Per_100K,Admin_Per_100k_12Plus,Admin_Per_100k_18Plus,Admin_Per_100k_65Plus,Recip_Administered,Administered_Dose1_Recip,Administered_Dose1_Pop_Pct,Administered_Dose1_Recip_12Plus,Administered_Dose1_Recip_12PlusPop_Pct,Administered_Dose1_Recip_18Plus,Administered_Dose1_Recip_18PlusPop_Pct,Administered_Dose1_Recip_65Plus,Administered_Dose1_Recip_65PlusPop_Pct,Series_Complete_Yes,Series_Complete_Pop_Pct,Series_Complete_12Plus,Series_Complete_12PlusPop_Pct,Series_Complete_18Plus,Series_Complete_18PlusPop_Pct,Series_Complete_65Plus,Series_Complete_65PlusPop_Pct,Series_Complete_Janssen,Series_Complete_Moderna,Series_Complete_Pfizer,Series_Complete_Unk_Manuf,Series_Complete_Janssen_12Plus,Series_Complete_Moderna_12Plus,Series_Complete_Pfizer_12Plus,Series_Complete_Unk_Manuf_12Plus,Series_Complete_Janssen_18Plus,Series_Complete_Moderna_18Plus,Series_Complete_Pfizer_18Plus,Series_Complete_Unk_Manuf_18Plus,Series_Complete_Janssen_65Plus,Series_Complete_Moderna_65Plus,Series_Complete_Pfizer_65Plus,Series_Complete_Unk_Manuf_65Plus,Series_Complete_FedLTC,Series_Complete_FedLTC_Residents,Series_Complete_FedLTC_Staff,Series_Complete_FedLTC_Unknown
07/21/2021,29,DD2,4397510,186300,1843400,2367810,0,0,0,0,0,4349431,4349271,4176488,337790,164001,1749994,2434573,863,0,0,0,0,0,0,0,0,0,0,0,0,4349431,2477807,0,2477679,0,2377468,0,186168,0,1911604,0,1911558,0,1841842,0,139456,0,162385,720105,1029113,1,162368,720092,1029097,1,162266,720013,959562,1,6327,50349,82780,0,0,0,0,0
07/22/2021,29,DD2,4397510,186300,1843400,2367810,0,0,0,0,0,4360831,4360670,4186138,338201,164811,1752857,2442286,877,0,0,0,0,0,0,0,0,0,0,0,0,4360831,2484009,0,2483880,0,2382744,0,186400,0,1917385,0,1917339,0,1846821,0,139645,0,163188,721472,1032724,1,163171,721459,1032708,1,163068,721379,962373,1,6343,50406,82896,0,0,0,0,0
07/23/2021,29,DD2,4397510,186300,1843400,2367810,0,0,0,0,0,4372320,4372159,4195746,338560,165861,1755736,2449837,886,0,0,0,0,0,0,0,0,0,0,0,0,4372320,2490686,0,2490557,0,2388370,0,186609,0,1923110,0,1923064,0,1851721,0,139806,0,164238,722671,1036200,1,164221,722658,1036184,1,164112,722577,965031,1,6359,50461,82986,0,0,0,0,0
12/14/2020,51,DC,1950,0,0,0,0,276,0,0,0,0,0,0,0,0,0,0,0,0,0,0,0,0,0,0,0,0,0,0,0,0,0,0,0,0,0,0,0,0,0,0,0,0,0,0,0,0,0,0,0,0,0,0,0,0,0,0,0,0,0,0,0,0,0,0,0,0
12/15/2020,51,DC,5850,0,0,0,0,829,0,0,0,0,0,0,0,0,0,0,0,0,0,0,0,0,0,0,0,0,0,0,0,0,0,0,0,0,0,0,0,0,0,0,0,0,0,0,0,0,0,0,0,0,0,0,0,0,0,0,0,0,0,0,0,0,0,0,0,0
12/16/2020,51,DC,6825,0,0,0,0,967,0,0,0,0,0,0,0,0,0,0,0,0,0,0,0,0,0,0,0,0,0,0,0,0,0,0,0,0,0,0,0,0,0,0,0,0,0,0,0,0,0,0,0,0,0,0,0,0,0,0,0,0,0,0,0,0,0,0,0,0
12/17/2020,51,DC,6825,0,0,0,0,967,0,0,0,0,0,0,0,0,0,0,0,0,0,0,0,0,0,0,0,0,0,0,0,0,0,0,0,0,0,0,0,0,0,0,0,0,0,0,0,0,0,0,0,0,0,0,0,0,0,0,0,0,0,0,0,0,0,0,0,0
12/18/2020,51,DC,6825,0,0,0,0,967,0,0,0,0,0,0,0,0,0,0,0,0,0,0,0,0,0,0,0,0,0,0,0,0,0,0,0,0,0,0,0,0,0,0,0,0,0,0,0,0,0,0,0,0,0,0,0,0,0,0,0,0,0,0,0,0,0,0,0,0
12/19/2020,51,DC,6825,0,0,0,0,967,0,0,0,0,0,0,0,0,0,0,0,0,0,0,0,0,0,0,0,0,0,0,0,0,0,0,0,0,0,0,0,0,0,0,0,0,0,0,0,0,0,0,0,0,0,0,0,0,0,0,0,0,0,0,0,0,0,0,0,0
12/20/2020,52,DC,6825,0,0,0,0,967,0,0,0,0,0,0,0,0,0,0,0,0,0,0,0,0,0,0,0,0,0,0,0,0,0,0,0,0,0,0,0,0,0,0,0,0,0,0,0,0,0,0,0,0,0,0,0,0,0,0,0,0,0,0,0,0,0,0,0,0
12/21/2020,52,DC,11325,0,0,0,0,1605,0,0,0,2825,0,0,0,0,0,2825,0,0,0,0,0,0,0,0,0,400,0,0,0,0,0,0,0,0,0,0,0,0,0,0,0,0,0,0,0,0,0,0,0,0,0,0,0,0,0,0,0,0,0,0,0,0,0,0,0,0
12/22/2020,52,DC,12300,0,0,0,0,1743,0,0,0,3132,0,0,0,0,0,3132,0,0,0,0,0,0,0,0,0,444,0,0,0,0,0,0,0,0,0,0,0,0,0,0,0,0,0,0,0,0,0,0,0,0,0,0,0,0,0,0,0,0,0,0,0,0,0,0,0,0
12/23/2020,52,DC,23400,0,0,0,0,3316,0,0,0,5567,0,0,0,0,0,5567,0,0,0,0,0,0,0,0,0,789,0,0,0,0,0,0,0,0,0,0,0,0,0,0,0,0,0,0,0,0,0,0,0,0,0,0,0,0,0,0,0,0,0,0,0,0,0,0,0,0
12/24/2020,52,DC,23400,0,0,0,0,3316,0,0,0,5567,0,0,0,0,0,5567,0,0,0,0,0,0,0,0,0,789,0,0,0,0,0,0,0,0,0,0,0,0,0,0,0,0,0,0,0,0,0,0,0,0,0,0,0,0,0,0,0,0,0,0,0,0,0,0,0,0
12/25/2020,52,DC,23400,0,0,0,0,3316,0,0,0,7810,0,0,0,0,55,7755,0,0,0,0,0,0,0,0,0,1107,0,0,0,0,0,0,0,0,0,0,0,0,0,0,0,0,0,0,0,0,0,0,0,0,0,0,0,0,0,0,0,0,0,0,0,0,0,0,0,0
12/26/2020,52,DC,23400,0,0,0,0,3316,0,0,0,9171,0,0,0,0,79,9092,0,0,0,0,0,0,0,0,0,1299,0,0,0,0,0,0,0,0,0,0,0,0,0,0,0,0,0,0,0,0,0,0,0,0,0,0,0,0,0,0,0,0,0,0,0,0,0,0,0,0
12/27/2020,53,DC,23400,0,0,0,0,3316,0,0,0,9524,0,0,0,0,130,9394,0,0,0,0,0,0,0,0,0,1349,0,0,0,0,0,0,0,0,0,0,0,0,0,0,0,0,0,0,0,0,0,0,0,0,0,0,0,0,0,0,0,0,0,0,0,0,0,0,0,0
12/28/2020,53,DC,23400,0,0,0,0,3316,0,0,0,9981,0,0,0,0,184,9797,0,0,0,0,0,0,0,0,0,1414,0,0,0,0,0,0,0,0,0,0,0,0,0,0,0,0,0,0,0,0,0,0,0,0,0,0,0,0,0,0,0,0,0,0,0,0,0,0,0,0
12/29/2020,53,DC,24000,0,0,0,0,3401,0,0,0,11370,0,0,0,0,328,11042,0,0,0,0,0,0,0,0,0,1611,0,0,0,0,0,0,0,0,0,0,0,0,0,0,0,0,0,0,0,0,0,0,0,0,0,0,0,0,0,0,0,0,0,0,0,0,0,0,0,0
12/30/2020,53,DC,26900,0,0,0,0,3812,0,0,0,11370,0,0,0,0,328,11042,0,0,0,0,0,0,0,0,0,1611,0,0,0,0,0,0,0,0,0,0,0,0,0,0,0,0,0,0,0,0,0,0,0,0,0,0,0,0,0,0,0,0,0,0,0,0,0,0,0,0
12/31/2020,53,DC,26900,0,0,0,0,3812,0,0,0,13167,0,0,0,0,575,12592,0,0,0,0,0,0,0,0,0,1866,0,0,0,0,0,0,0,0,0,0,0,0,0,0,0,0,0,0,0,0,0,0,0,0,0,0,0,0,0,0,0,0,0,0,0,0,0,0,0,0
01/01/2021,53,DC,26900,0,0,0,0,3812,0,0,0,13167,0,0,0,0,575,12592,0,0,0,0,0,0,0,0,0,1866,0,0,0,0,0,0,0,0,0,0,0,0,0,0,0,0,0,0,0,0,0,0,0,0,0,0,0,0,0,0,0,0,0,0,0,0,0,0,0,0
01/02/2021,53,DC,26900,0,0,0,0,3812,0,0,0,15072,0,0,0,0,1588,13484,0,0,0,0,0,0,0,0,0,2136,0,0,0,0,0,0,0,0,0,0,0,0,0,0,0,0,0,0,0,0,0,0,0,0,0,0,0,0,0,0,0,0,0,0,0,0,0,0,0,0
01/03/2021,1,DC,26900,0,0,0,0,3812,0,0,0,15072,0,0,0,0,1588,13484,0,0,0,0,0,0,0,0,0,2136,0,0,0,0,0,0,0,0,0,0,0,0,0,0,0,0,0,0,0,0,0,0,0,0,0,0,0,0,0,0,0,0,0,0,0,0,0,0,0,0
01/04/2021,1,DC,37725,0,0,0,0,5345,0,0,0,15583,0,0,0,0,1985,13598,0,0,0,0,0,0,0,0,0,2208,0,0,0,0,0,0,0,0,0,0,0,0,0,0,0,0,0,0,0,0,0,0,0,0,0,0,0,0,0,0,0,0,0,0,0,0,0,0,0,0
01/05/2021,1,DC,41075,0,0,0,0,5820,0,0,0,15853,0,0,0,0,2255,13598,0,69,29,40,0,69,29,40,0,2246,0,0,0,0,0,0,0,0,0,0,0,0,0,0,0,0,0,0,0,0,0,0,0,0,0,0,0,0,0,0,0,0,0,0,0,0,0,0,0,0
01/06/2021,1,DC,41075,0,0,0,0,5820,0,0,0,19366,0,0,0,0,3226,16140,0,464,178,286,0,461,177,284,0,2744,0,0,0,0,0,0,0,0,0,0,0,0,0,0,0,0,0,0,0,0,0,0,0,0,0,0,0,0,0,0,0,0,0,0,0,0,0,0,0,0
01/07/2021,1,DC,45950,0,0,0,0,6511,0,0,0,21681,0,0,0,0,4060,17621,0,551,235,316,0,535,231,304,0,3072,0,0,0,0,0,0,0,0,0,0,0,0,0,0,0,0,0,0,0,0,0,0,0,0,0,0,0,0,0,0,0,0,0,0,0,0,0,0,0,0
01/08/2021,1,DC,49250,0,0,0,0,6978,0,0,0,21681,0,0,0,0,4060,17621,0,960,501,459,0,942,496,446,0,3072,0,0,0,0,0,0,0,0,0,0,0,0,0,0,0,0,0,0,0,0,0,0,0,0,0,0,0,0,0,0,0,0,0,0,0,0,0,0,0,0
01/09/2021,1,DC,49250,0,0,0,0,6978,0,0,0,24298,0,0,0,0,4884,19414,0,964,501,459,4,946,496,446,4,3443,0,0,0,0,0,0,0,0,0,0,0,0,0,0,0,0,0,0,0,0,0,0,0,0,0,0,0,0,0,0,0,0,0,0,0,0,0,0,0,0
01/10/2021,2,DC,49250,0,0,0,0,6978,0,0,0,29228,0,0,0,0,7146,22082,0,1183,646,533,4,1163,641,518,4,4141,0,0,0,0,0,0,0,0,0,0,0,0,0,0,0,0,0,0,0,0,0,0,0,0,0,0,0,0,0,0,0,0,0,0,0,0,0,0,0,0
01/11/2021,2,DC,58825,0,0,0,0,8335,0,0,0,29228,0,0,0,0,7146,22082,0,1236,662,569,5,1215,656,554,5,4141,0,0,0,0,0,0,0,0,0,0,0,0,0,0,0,0,0,0,0,0,0,0,0,0,0,0,0,0,0,0,0,0,0,0,0,0,0,0,0,0
01/12/2021,2,DC,62725,0,0,0,0,8888,0,0,0,33049,0,0,0,0,8795,24254,0,1440,812,623,5,1419,806,608,5,4683,0,0,0,0,0,0,0,0,0,0,0,0,0,0,0,0,0,0,0,0,0,0,0,0,0,0,0,0,0,0,0,0,0,0,0,0,0,0,0,0
01/13/2021,2,DC,67725,0,0,0,0,9596,0,0,0,36679,0,0,0,0,10419,26260,0,1679,893,724,62,1657,886,709,62,5197,0,0,0,0,0,0,0,0,0,0,0,0,0,0,0,0,0,0,0,0,0,0,0,0,0,0,0,0,0,0,0,0,0,0,0,0,0,0,0,0
01/14/2021,2,DC,68325,0,0,0,0,9681,0,0,0,36679,0,0,0,0,10419,26260,0,1851,1025,761,65,1829,1018,746,65,5197,0,0,0,0,0,0,0,0,0,0,0,0,0,0,0,0,0,0,0,0,0,0,0,0,0,0,0,0,0,0,0,0,0,0,0,0,0,0,0,0
01/15/2021,2,DC,68325,0,0,0,0,9681,0,0,0,39934,0,0,0,0,11308,28626,0,2108,1121,896,91,2086,1114,881,91,5658,0,0,0,0,0,0,0,0,0,0,0,0,0,0,0,0,0,0,0,0,0,0,0,0,0,0,0,0,0,0,0,0,0,0,0,0,0,0,0,0
01/16/2021,2,DC,68325,0,0,0,0,9681,0,0,0,43362,0,0,0,0,12820,30542,0,2129,1128,904,97,2107,1121,889,97,6144,0,0,0,0,0,0,0,0,0,0,0,0,0,0,0,0,0,0,0,0,0,0,0,0,0,0,0,0,0,0,0,0,0,0,0,0,0,0,0,0
01/17/2021,3,DC,68325,0,0,0,0,9681,0,0,0,49518,0,0,0,0,16432,33086,0,2497,1272,1085,140,2475,1265,1070,140,7016,0,0,0,0,0,0,0,0,0,0,0,0,0,0,0,0,0,0,0,0,0,0,0,0,0,0,0,0,0,0,0,0,0,0,0,0,0,0,0,0
01/18/2021,3,DC,72925,0,0,0,0,10333,0,0,0,49988,0,0,0,0,16902,33086,0,2505,1273,1090,142,2483,1266,1075,142,7083,0,0,0,0,0,0,0,0,0,0,0,0,0,0,0,0,0,0,0,0,0,0,0,0,0,0,0,0,0,0,0,0,0,0,0,0,0,0,0,0
01/19/2021,3,DC,75175,0,0,0,0,10652,0,0,0,51733,0,0,0,0,17899,33834,0,2648,1349,1156,143,2626,1342,1141,143,7330,0,0,0,0,0,0,0,0,0,0,0,0,0,0,0,0,0,0,0,0,0,0,0,0,0,0,0,0,0,0,0,0,0,0,0,0,0,0,0,0
01/20/2021,3,DC,75175,0,0,0,0,10652,0,0,0,51733,0,0,0,0,17899,33834,0,2653,1349,1160,144,2631,1343,1144,144,7330,0,0,0,0,0,0,0,0,0,0,0,0,0,0,0,0,0,0,0,0,0,0,0,0,0,0,0,0,0,0,0,0,0,0,0,0,0,0,0,0
01/21/2021,3,DC,75175,0,0,0,0,10652,0,0,0,55108,0,0,0,0,19273,35835,0,2657,1349,1160,148,2635,1343,1144,148,7808,0,0,0,0,0,0,0,0,0,0,0,0,0,0,0,0,0,0,0,0,0,0,0,0,0,0,0,0,0,0,0,0,0,0,0,0,0,0,0,0
01/22/2021,3,DC,90225,0,0,0,0,12784,0,0,0,56864,0,0,0,0,20082,36782,0,2661,1349,1161,151,2639,1343,1145,151,8057,0,0,0,0,0,0,0,0,0,0,0,0,0,0,0,0,0,0,0,0,0,0,0,0,0,0,0,0,0,0,0,0,0,0,0,0,0,0,0,0
01/23/2021,3,DC,91025,0,0,0,0,12898,0,0,0,59793,0,0,0,0,21331,38462,0,2782,1405,1223,154,2759,1399,1206,154,8472,0,0,0,0,0,0,0,0,0,0,0,0,0,0,0,0,0,0,0,0,0,0,0,0,0,0,0,0,0,0,0,0,0,0,0,0,0,0,0,0
01/24/2021,4,DC,91025,0,0,0,0,12898,0,0,0,62391,0,0,0,0,22432,39959,0,2840,1424,1246,170,2817,1417,1230,170,8840,0,0,0,0,0,0,0,0,0,0,0,0,0,0,0,0,0,0,0,0,0,0,0,0,0,0,0,0,0,0,0,0,0,0,0,0,0,0,0,0
01/25/2021,4,DC,91025,0,0,0,0,12898,0,0,0,64194,0,0,0,0,23591,40603,0,2933,1447,1304,182,2910,1440,1288,182,9096,0,0,0,0,0,0,0,0,0,0,0,0,0,0,0,0,0,0,0,0,0,0,0,0,0,0,0,0,0,0,0,0,0,0,0,0,0,0,0,0
01/26/2021,4,DC,97600,0,0,0,0,13829,0,0,0,64748,0,0,0,0,23878,40870,0,2933,1447,1304,182,2910,1440,1288,182,9174,0,0,0,0,0,0,0,0,0,0,0,0,0,0,0,0,0,0,0,0,0,0,0,0,0,0,0,0,0,0,0,0,0,0,0,0,0,0,0,0
01/27/2021,4,DC,107575,0,0,0,0,15243,0,0,0,68086,0,0,0,0,25271,42815,0,3121,1523,1411,187,3089,1508,1394,187,9647,0,0,0,0,0,0,0,0,0,0,0,0,0,0,0,0,0,0,0,0,0,0,0,0,0,0,0,0,0,0,0,0,0,0,0,0,0,0,0,0
01/28/2021,4,DC,144425,0,0,0,0,20464,0,0,0,70839,0,0,0,0,26604,44235,0,3129,1525,1417,187,3097,1510,1400,187,10037,0,0,0,0,0,0,0,0,0,0,0,0,0,0,0,0,0,0,0,0,0,0,0,0,0,0,0,0,0,0,0,0,0,0,0,0,0,0,0,0
01/29/2021,4,DC,148325,0,0,0,0,21017,0,0,0,73328,0,0,0,0,27564,45764,0,3134,1525,1418,191,3102,1509,1402,191,10390,0,0,0,0,0,0,0,0,0,0,0,0,0,0,0,0,0,0,0,0,0,0,0,0,0,0,0,0,0,0,0,0,0,0,0,0,0,0,0,0
01/30/2021,4,DC,148525,0,0,0,0,21045,0,0,0,76672,0,0,0,0,28924,47748,0,3136,1525,1418,193,3104,1509,1402,193,10864,0,0,0,0,0,0,0,0,0,0,0,0,0,0,0,0,0,0,0,0,0,0,0,0,0,0,0,0,0,0,0,0,0,0,0,0,0,0,0,0
01/31/2021,5,DC,148525,0,0,0,0,21045,0,0,0,80526,0,0,0,0,30882,49644,0,3148,1531,1418,199,3115,1516,1401,198,11410,0,0,0,0,0,0,0,0,0,0,0,0,0,0,0,0,0,0,0,0,0,0,0,0,0,0,0,0,0,0,0,0,0,0,0,0,0,0,0,0
02/01/2021,5,DC,148525,0,0,0,0,21045,0,0,0,82519,0,0,0,0,32431,50088,0,3148,1531,1418,199,3115,1516,1401,198,11692,0,0,0,0,0,0,0,0,0,0,0,0,0,0,0,0,0,0,0,0,0,0,0,0,0,0,0,0,0,0,0,0,0,0,0,0,0,0,0,0
02/02/2021,5,DC,147125,0,0,0,0,20847,0,0,0,83553,0,0,0,0,32433,51120,0,3378,1658,1517,203,3249,1590,1457,202,11839,0,0,0,0,0,0,0,0,0,0,0,0,0,0,0,0,0,0,0,0,0,0,0,0,0,0,0,0,0,0,0,0,0,0,0,0,0,0,0,0
02/03/2021,5,DC,159925,0,0,0,0,22660,0,0,0,85065,0,0,0,0,33251,51814,0,3567,1737,1612,218,3355,1607,1535,213,12053,0,0,0,0,0,0,0,0,0,0,0,0,0,0,0,0,0,0,0,0,0,0,0,0,0,0,0,0,0,0,0,0,0,0,0,0,0,0,0,0
02/04/2021,5,DC,164900,0,0,0,0,23365,0,0,0,94095,0,0,0,0,39602,54493,0,3935,1915,1793,227,3556,1668,1666,222,13333,0,0,0,0,0,0,0,0,0,0,0,0,0,0,0,0,0,0,0,0,0,0,0,0,0,0,0,0,0,0,0,0,0,0,0,0,0,0,0,0
02/05/2021,5,DC,166950,0,0,0,0,23656,0,0,0,98862,0,0,0,0,41033,57829,0,4428,2175,1961,292,3814,1809,1718,287,14008,0,0,0,0,0,0,0,0,0,0,0,0,0,0,0,0,0,0,0,0,0,0,0,0,0,0,0,0,0,0,0,0,0,0,0,0,0,0,0,0
02/06/2021,5,DC,166950,0,0,0,0,23656,0,0,0,102031,0,0,0,0,42710,59321,0,5006,2526,2052,428,4155,1963,1776,416,14457,0,0,0,0,0,0,0,0,0,0,0,0,0,0,0,0,0,0,0,0,0,0,0,0,0,0,0,0,0,0,0,0,0,0,0,0,0,0,0,0
02/07/2021,6,DC,166950,0,0,0,0,23656,0,0,0,105819,0,0,0,0,44987,60832,0,5175,2599,2096,480,4223,1969,1793,461,14994,0,0,0,0,0,0,0,0,0,0,0,0,0,0,0,0,0,0,0,0,0,0,0,0,0,0,0,0,0,0,0,0,0,0,0,0,0,0,0,0
02/08/2021,6,DC,166950,0,0,0,0,23656,0,0,0,108475,0,0,0,0,46475,62000,0,5336,2675,2173,488,4272,1988,1816,468,15370,0,0,0,0,0,0,0,0,0,0,0,0,0,0,0,0,0,0,0,0,0,0,0,0,0,0,0,0,0,0,0,0,0,0,0,0,0,0,0,0
02/09/2021,6,DC,166950,0,0,0,0,23656,0,0,0,108475,0,0,0,0,46475,62000,0,5435,2722,2216,497,4310,2000,1835,475,15370,0,0,0,0,0,0,0,0,0,0,0,0,0,0,0,0,0,0,0,0,0,0,0,0,0,0,0,0,0,0,0,0,0,0,0,0,0,0,0,0
02/10/2021,6,DC,179725,0,0,0,0,25466,0,0,0,108475,0,0,0,0,46475,62000,0,5763,2837,2284,642,4457,2034,1861,562,15370,0,0,0,0,0,0,0,0,0,0,0,0,0,0,0,0,0,0,0,0,0,0,0,0,0,0,0,0,0,0,0,0,0,0,0,0,0,0,0,0
02/11/2021,6,DC,193600,0,0,0,0,27432,0,0,0,111720,0,0,0,0,48978,62742,0,6104,3026,2393,685,4577,2089,1890,598,15830,0,0,0,0,0,0,0,0,0,0,0,0,0,0,0,0,0,0,0,0,0,0,0,0,0,0,0,0,0,0,0,0,0,0,0,0,0,0,0,0
02/12/2021,6,DC,193800,0,0,0,0,27460,0,0,0,114110,0,0,0,0,50266,63844,0,6351,3153,2467,731,4686,2126,1922,638,16169,0,0,0,0,0,0,0,0,0,0,0,0,0,0,0,0,0,0,0,0,0,0,0,0,0,0,0,0,0,0,0,0,0,0,0,0,0,0,0,0
02/13/2021,6,DC,193900,0,0,0,0,27474,0,33571,0,116261,0,113899,0,0,51226,65035,0,6664,3366,2552,746,4787,2181,1957,649,16473,0,19720,0,74153,55925,7.9,0,0,53838,9.3,0,0,0,0,0,0,0,0,0,0,0,0,0,0,0,0,0,0,0,0,0,0,0,0,0,0,0,0,0,0
02/14/2021,7,DC,193900,0,0,0,0,27474,0,33571,0,121313,0,118949,0,0,52832,68481,0,6993,3437,2785,771,4949,2209,2073,667,17189,0,20594,0,78084,58191,8.2,0,0,56104,9.7,0,0,0,0,0,0,0,0,0,0,0,0,0,0,0,0,0,0,0,0,0,0,0,0,0,0,0,0,0,0
02/15/2021,7,DC,193900,0,0,0,0,27474,0,33571,0,125258,0,122889,0,0,54133,71125,0,6998,3437,2785,776,4954,2208,2074,672,17748,0,21276,0,81259,59821,8.5,0,0,57732,10,0,0,0,0,0,0,0,0,0,0,0,0,0,0,0,0,0,0,0,0,0,0,0,0,0,0,0,0,0,0
02/16/2021,7,DC,193900,0,0,0,0,27474,0,33571,0,126500,0,124131,0,0,54891,71609,0,7076,3498,2801,777,4986,2233,2080,673,17924,0,21492,0,82512,60353,8.6,0,0,58264,10.1,0,0,0,0,0,0,0,0,0,0,0,0,0,0,0,0,0,0,0,0,0,0,0,0,0,0,0,0,0,0
02/17/2021,7,DC,193900,0,0,0,0,27474,0,33571,0,128460,0,126091,0,0,55607,72853,0,7229,3591,2853,785,5057,2273,2107,677,18202,0,21831,0,84325,61322,8.7,0,0,59233,10.3,0,0,0,0,0,0,0,0,0,0,0,0,0,0,0,0,0,0,0,0,0,0,0,0,0,0,0,0,0,0
02/18/2021,7,DC,193900,0,0,0,0,27474,0,33571,0,130437,0,128068,0,0,56550,73887,0,7237,3591,2858,788,5065,2273,2112,680,18482,0,22173,0,86025,61975,8.8,0,0,59887,10.4,0,0,0,0,0,0,0,0,0,0,0,0,0,0,0,0,0,0,0,0,0,0,0,0,0,0,0,0,0,0
02/19/2021,7,DC,225125,0,0,0,0,31899,0,38977,0,157111,0,157105,0,0,62256,94855,0,7246,3591,2860,795,5073,2274,2112,687,22262,0,27201,0,98111,69371,9.8,0,0,69368,12,0,0,0,0,0,0,0,0,0,0,0,0,0,0,0,0,0,0,0,0,0,0,0,0,0,0,0,0,0,0
02/20/2021,7,DC,225125,0,0,0,0,31899,0,38977,0,159640,0,159634,0,0,63018,96622,0,7247,3591,2860,796,5074,2273,2113,688,22620,0,27638,0,99760,70113,9.9,0,0,70110,12.1,0,0,0,0,0,0,0,0,0,0,0,0,0,0,0,0,0,0,0,0,0,0,0,0,0,0,0,0,0,0
02/21/2021,8,DC,225125,0,0,0,0,31899,0,38977,0,162674,0,162664,0,0,64443,98231,0,7293,3611,2881,801,5089,2279,2121,689,23050,0,28163,0,101903,71050,10.1,0,0,71046,12.3,0,0,0,0,0,0,0,0,0,0,0,0,0,0,0,0,0,0,0,0,0,0,0,0,0,0,0,0,0,0
02/22/2021,8,DC,225125,0,0,0,0,31899,0,38977,0,164207,0,164196,0,0,64744,99463,0,7393,3640,2946,807,5101,2285,2123,693,23267,0,28428,0,102797,71399,10.1,0,0,71395,12.4,0,0,0,0,0,0,0,0,0,0,0,0,0,0,0,0,0,0,0,0,0,0,0,0,0,0,0,0,0,0
02/23/2021,8,DC,249315,0,0,0,0,35326,0,43165,0,166724,0,166713,0,0,65489,101235,0,7453,3643,2995,815,5114,2286,2127,701,23624,0,28864,0,104314,72181,10.2,0,0,72177,12.5,0,0,0,0,0,0,0,0,0,0,0,0,0,0,0,0,0,0,0,0,0,0,0,0,0,0,0,0,0,0
02/24/2021,8,DC,269005,0,0,0,0,38116,0,46574,0,170343,0,170331,0,0,66050,104293,0,7476,3658,3002,816,5130,2297,2131,702,24136,0,29490,0,106912,73826,10.5,0,0,73821,12.8,0,0,0,0,0,0,0,0,0,0,0,0,0,0,0,0,0,0,0,0,0,0,0,0,0,0,0,0,0,0
02/25/2021,8,DC,272005,0,0,0,0,38541,0,47094,0,173030,0,173018,0,0,67048,105982,0,7476,3658,3002,816,5130,2295,2133,702,24517,0,29956,0,108935,74825,10.6,0,0,74819,13,0,0,0,0,0,0,0,0,0,0,0,0,0,0,0,0,0,0,0,0,0,0,0,0,0,0,0,0,0,0
02/26/2021,8,DC,280955,0,0,0,0,39809,0,48643,0,176044,0,176032,0,0,68609,107435,0,7510,3665,3012,833,5157,2303,2137,717,24944,0,30477,0,111453,76194,10.8,0,0,76188,13.2,0,0,0,0,0,0,0,0,0,0,0,0,0,0,0,0,0,0,0,0,0,0,0,0,0,0,0,0,0,0
02/27/2021,8,DC,284655,0,0,0,0,40334,0,49284,0,184748,0,184736,0,0,75045,109703,0,7570,3665,3046,859,5200,2302,2165,733,26178,0,31984,0,118318,79693,11.3,0,0,79687,13.8,0,0,0,0,0,0,0,0,0,0,0,0,0,0,0,0,0,0,0,0,0,0,0,0,0,0,0,0,0,0
02/28/2021,9,DC,284655,0,0,0,0,40334,0,49284,0,194746,0,194733,0,0,76355,118391,0,7649,3672,3118,859,5269,2308,2228,733,27594,0,33715,0,124165,83668,11.9,0,0,83661,14.5,0,0,0,0,0,0,0,0,0,0,0,0,0,0,0,0,0,0,0,0,0,0,0,0,0,0,0,0,0,0
03/01/2021,9,DC,284655,0,0,0,0,40334,0,49284,0,198047,0,198034,0,0,77448,120599,0,7649,3672,3118,859,5269,2308,2228,733,28062,0,34287,0,126332,84724,12,0,0,84717,14.7,0,0,0,0,0,0,0,0,0,0,0,0,0,0,0,0,0,0,0,0,0,0,0,0,0,0,0,0,0,0
03/02/2021,9,DC,296805,0,0,0,0,42055,0,51388,0,199212,0,199199,0,0,77934,121278,0,7678,3700,3119,859,5274,2312,2229,733,28227,0,34488,0,127627,85368,12.1,0,0,85361,14.8,0,0,0,0,0,0,0,0,0,0,0,0,0,0,0,0,0,0,0,0,0,0,0,0,0,0,0,0,0,0
03/03/2021,9,DC,310065,0,0,0,0,43934,0,53683,0,202090,0,202076,0,0,78742,123348,0,7708,3709,3140,859,5277,2312,2232,733,28635,0,34987,0,130372,87114,12.3,0,0,87107,15.1,0,0,0,0,0,0,0,0,0,0,0,0,0,0,0,0,0,0,0,0,0,0,0,0,0,0,0,0,0,0
03/04/2021,9,DC,324505,0,0,0,0,45980,0,56183,0,207421,0,207406,0,0,80992,126429,0,7783,3744,3180,859,5287,2312,2242,733,29390,0,35909,0,134692,90190,12.8,0,0,90183,15.6,0,0,0,0,0,0,0,0,0,0,0,0,0,0,0,0,0,0,0,0,0,0,0,0,0,0,0,0,0,0
03/05/2021,9,DC,337095,4400,153100,179595,0,47764,0,58363,385944,211736,0,211711,87400,0,82393,129343,0,7905,3809,3237,859,5304,2322,2249,733,30002,0,36655,100065,138403,92623,13.1,0,0,92606,16,46528,53.3,45368,6.4,0,0,45366,7.9,20767,23.8,6,20256,25098,8,0,0,0,0,6,20255,25097,8,0,10802,9962,3,2488,1424,939,125
03/06/2021,9,DC,337095,4400,153100,179595,0,47764,0,58363,385944,220634,0,220609,90175,0,86578,134056,0,8051,3940,3252,859,5326,2342,2251,733,31262,0,38195,103242,144892,95302,13.5,0,0,95285,16.5,47405,54.3,49177,7,0,0,49175,8.5,22384,25.6,27,22046,27096,8,0,0,0,0,27,22045,27095,8,1,12033,10347,3,2612,1537,950,125
03/07/2021,10,DC,337095,4400,153100,179595,0,47764,0,58363,385944,225875,0,225845,92002,0,89829,136046,0,8161,3944,3358,859,5336,2341,2262,733,32005,0,39102,105334,149350,98505,14,0,0,98483,17.1,48242,55.2,50440,7.1,0,0,50438,8.7,23199,26.6,41,22825,27566,8,0,0,0,0,41,22824,27565,8,3,12617,10576,3,2709,1539,1045,125
03/08/2021,10,DC,337095,4400,153100,179595,0,47764,0,58363,385944,230110,0,230080,93801,0,92495,137615,0,8206,3965,3382,859,5339,2342,2264,733,32605,0,39835,107394,152590,100571,14.3,0,0,100549,17.4,48854,55.9,51723,7.3,0,0,51721,9,23985,27.5,157,23742,27816,8,0,0,0,0,157,23741,27815,8,7,13264,10711,3,2748,1557,1066,125
03/09/2021,10,DC,355785,7800,160200,187785,0,50412,0,61599,407342,232666,0,232636,94677,0,93975,138691,0,8244,3982,3403,859,5352,2341,2278,733,32967,0,40278,108397,155439,102392,14.5,0,0,102370,17.7,49170,56.3,52813,7.5,0,0,52811,9.1,24580,28.1,223,24395,28187,8,0,0,0,0,223,24394,28186,8,12,13676,10889,3,2771,1574,1072,125
03/10/2021,10,DC,358485,7800,162900,187785,0,50795,0,62067,410434,238189,0,238158,96772,1,96559,141629,0,8351,3998,3494,859,5368,2343,2292,733,33750,0,41234,110795,160154,105267,14.9,0,0,105244,18.2,49642,56.8,54738,7.8,0,0,54736,9.5,25790,29.5,315,25638,28777,8,0,0,0,0,315,25637,28776,8,19,14540,11228,3,2852,1589,1138,125
03/11/2021,10,DC,373225,7800,175300,190125,0,52884,0,64619,427310,244060,0,244029,98725,1,99007,145052,0,8466,4051,3556,859,5393,2353,2307,733,34582,0,42250,113031,165182,108700,15.4,0,0,108677,18.8,50232,57.5,56459,8,0,0,56457,9.8,26913,30.8,463,26669,29319,8,0,0,0,0,463,26668,29318,8,28,15255,11627,3,2939,1630,1184,125
03/12/2021,10,DC,385925,7800,176300,201825,0,54683,0,66817,441850,250090,0,250024,97495,2,100957,149131,0,8482,4056,3567,859,5396,2352,2311,733,35436,0,43288,111623,170211,112244,15.9,0,0,112196,19.4,49402,56.6,58029,8.2,0,0,58019,10,27203,31.1,556,27316,30149,8,0,0,0,0,556,27315,30140,8,26,15330,11844,3,2951,1634,1192,125
03/13/2021,10,DC,388865,7800,176900,204165,0,55100,0,67326,445216,256529,0,256219,99331,2,103615,152912,0,8551,4074,3618,859,5401,2356,2312,733,36348,0,44361,113725,175508,115660,16.4,0,0,115378,20,49913,57.1,59917,8.5,0,0,59906,10.4,28203,32.3,620,28465,30823,9,0,0,0,0,620,28464,30813,9,30,16034,12135,4,3009,1646,1238,125
03/14/2021,11,DC,388865,7800,176900,204165,0,55100,0,67326,445216,264499,0,264187,102447,2,108840,155657,0,8572,4075,3638,859,5403,2355,2315,733,37478,0,45740,117293,182855,120982,17.1,0,0,120699,20.9,51386,58.8,61934,8.8,0,0,61922,10.7,29679,34,659,30062,31204,9,0,0,0,0,659,30061,31193,9,35,17326,12314,4,3028,1647,1256,125
03/15/2021,11,DC,388865,7800,176900,204165,0,55100,0,67326,445216,271191,0,270876,103353,2803,110768,157620,0,8572,4075,3638,859,5403,2353,2317,733,38426,0,46898,118330,189218,126422,17.9,0,0,126135,21.8,51811,59.3,65479,9.3,0,0,65466,11.3,30004,34.4,3418,30541,31511,9,0,0,0,0,3418,30540,31499,9,73,17555,12372,4,3028,1647,1256,125
03/16/2021,11,DC,398805,10800,181500,206505,0,56508,0,69047,456596,274424,0,274109,104163,3860,111398,159166,0,8639,4109,3671,859,5404,2352,2319,733,38884,0,47458,119257,192302,128836,18.3,0,0,128548,22.3,52036,59.6,67181,9.5,0,0,67168,11.6,30409,34.8,4458,30924,31790,9,0,0,0,0,4458,30923,31778,9,159,17760,12486,4,3079,1675,1279,125
03/17/2021,11,DC,415845,10800,184500,220545,0,58923,0,71998,476106,281538,0,281220,106345,3861,115314,162363,0,8662,4118,3685,859,5410,2357,2320,733,39892,0,48689,121756,198682,133611,18.9,0,0,133318,23.1,52810,60.5,68796,9.7,0,0,68782,11.9,31477,36,4486,31925,32375,10,0,0,0,0,4486,31924,32362,10,160,18505,12807,5,3090,1680,1285,125
03/18/2021,11,DC,428215,10800,195700,221715,0,60675,0,74139,490268,285546,0,285226,107537,3861,117057,164628,0,8672,4120,3693,859,5412,2358,2321,733,40460,0,49383,123120,202306,136208,19.3,0,0,135912,23.5,53213,60.9,69819,9.9,0,0,69803,12.1,32009,36.6,4505,32460,32843,11,0,0,0,0,4505,32459,32828,11,161,18775,13067,6,3098,1682,1291,125
03/19/2021,11,DC,443285,12000,196700,234585,0,62811,0,76749,507522,291022,0,290631,109110,3861,118662,168499,0,8674,4121,3694,859,5414,2358,2323,733,41236,0,50319,124921,207037,139568,19.8,0,0,139206,24.1,53710,61.5,71181,10.1,0,0,71164,12.3,32787,37.5,4515,32949,33706,11,0,0,0,0,4515,32948,33690,11,161,19076,13544,6,3098,1682,1291,125
03/20/2021,11,DC,445625,12000,196700,236925,0,63142,0,77154,510201,296647,0,296199,110607,3862,121255,171530,0,8677,4123,3695,859,5415,2357,2325,733,42033,0,51283,126635,211528,142923,20.3,0,0,142507,24.7,54231,62.1,72304,10.2,0,0,72287,12.5,33463,38.3,4518,33596,34178,12,0,0,0,0,4518,33595,34162,12,162,19482,13813,6,3100,1684,1291,125
03/21/2021,12,DC,445625,12000,196700,236925,0,63142,0,77154,510201,302692,0,302243,112255,3863,123656,175173,0,8688,4123,3706,859,5416,2358,2325,733,42889,0,52329,128522,217518,147691,20.9,0,0,147272,25.5,54964,62.9,73585,10.4,0,0,73567,12.7,34159,39.1,4586,34310,34676,13,0,0,0,0,4586,34309,34659,13,163,19935,14055,6,3110,1684,1301,125
03/22/2021,12,DC,445625,12000,196700,236925,0,63142,0,77154,510201,306996,0,306546,113366,3864,125578,177554,0,8692,4123,3710,859,5416,2359,2324,733,43499,0,53074,129794,221053,150379,21.3,0,0,149954,26,55403,63.4,74461,10.6,0,0,74443,12.9,34636,39.7,4623,34788,35037,13,0,0,0,0,4623,34787,35020,13,170,20226,14234,6,3114,1684,1305,125
03/23/2021,12,DC,460215,13000,202100,245115,0,65209,0,79680,526905,309362,0,308912,113788,3864,126401,179097,0,8692,4123,3710,859,5416,2357,2326,733,43835,0,53484,130277,223179,152058,21.5,0,0,151628,26.3,55595,63.7,74927,10.6,0,0,74909,13,34862,39.9,4650,35057,35207,13,0,0,0,0,4650,35056,35190,13,173,20381,14302,6,3114,1684,1305,125
03/24/2021,12,DC,462615,13000,204500,245115,0,65550,0,80095,529653,313341,0,312829,114465,3866,127175,182300,0,8693,4123,3711,859,5417,2358,2326,733,44398,0,54162,131052,227207,154836,21.9,0,0,154340,26.7,55970,64.1,76207,10.8,0,0,76187,13.2,35133,40.2,4695,35226,36272,14,0,0,0,0,4695,35225,36253,14,177,20481,14469,6,3115,1684,1306,125
03/25/2021,12,DC,466685,13000,207400,246285,0,66126,0,80800,534313,320173,0,319618,115696,5471,128933,185769,0,8693,4123,3711,859,5417,2358,2326,733,45366,0,55337,132462,233820,159355,22.6,0,0,158810,27.5,56384,64.6,79733,11.3,0,0,79712,13.8,35921,41.1,6142,35918,37659,14,0,0,0,0,6141,35917,37640,14,237,20903,14775,6,3115,1684,1306,125
03/26/2021,12,DC,491335,13200,214300,263835,0,69619,0,85068,562535,327007,0,326448,116568,5508,130578,190921,0,8693,4123,3711,859,5417,2357,2327,733,46335,0,56520,133460,240012,163251,23.1,0,0,162696,28.2,56629,64.8,82094,11.6,0,0,82072,14.2,36469,41.8,6217,36600,39262,15,0,0,0,0,6216,36599,39242,15,245,21182,15035,7,3115,1684,1306,125
03/27/2021,12,DC,491635,13200,214600,263835,0,69661,0,85120,562879,334783,0,334221,118860,5849,133347,195587,0,8693,4123,3711,859,5417,2357,2327,733,47437,0,57866,136084,247658,168663,23.9,0,0,168099,29.1,57639,66,84545,12,0,0,84523,14.6,37448,42.9,6579,37568,40383,15,0,0,0,0,6578,37567,40363,15,314,21682,15445,7,3115,1684,1306,125
03/28/2021,13,DC,491635,13200,214600,263835,0,69661,0,85120,562879,344954,0,344385,120622,6350,136395,202209,0,8706,4124,3723,859,5421,2357,2331,733,48878,0,59625,138102,257537,175453,24.9,0,0,174884,30.3,58275,66.7,88137,12.5,0,0,88114,15.3,38464,44,7098,38471,42553,15,0,0,0,0,7097,38470,42532,15,417,22095,15945,7,3124,1684,1315,125
03/29/2021,13,DC,491635,13200,214600,263835,0,69661,0,85120,562879,353718,0,353149,122464,7257,140966,205495,0,8706,4124,3723,859,5421,2360,2328,733,50120,0,61143,140210,265845,181374,25.7,0,0,180795,31.3,59062,67.6,91317,12.9,0,0,91294,15.8,39406,45.1,7901,39668,43733,15,0,0,0,0,7900,39667,43712,15,657,22630,16112,7,3124,1684,1315,125
03/30/2021,13,DC,501985,17700,214600,269685,0,71128,0,86912,574728,359065,0,358494,123382,7580,144962,206523,0,8706,4124,3723,859,5421,2358,2330,733,50877,0,62068,141261,272128,185928,26.3,0,0,185343,32.1,59488,68.1,93350,13.2,0,0,93327,16.2,39919,45.7,8218,40700,44416,16,0,0,0,0,8217,40699,44395,16,694,23054,16164,7,3124,1684,1315,125
03/31/2021,13,DC,514945,17700,218200,279045,0,72964,0,89155,589566,374297,0,373719,128265,7914,146656,219727,0,8707,4124,3724,859,5421,2358,2330,733,53035,0,64704,146852,285789,193796,27.5,0,0,193200,33.4,60511,69.3,97469,13.8,0,0,97445,16.9,41083,47,8550,41219,47684,16,0,0,0,0,8549,41218,47662,16,731,23181,17164,7,3125,1684,1316,125
04/01/2021,13,DC,525585,21000,223200,281385,0,74472,0,90998,601748,381345,0,380759,129170,8153,148806,224386,0,8707,4124,3724,859,5421,2359,2329,733,54034,0,65923,147888,292770,198018,28.1,0,0,197393,34.2,60783,69.6,100548,14.2,0,0,100524,17.4,41629,47.7,8888,42083,49561,16,0,0,0,0,8887,42082,49539,16,773,23479,17370,7,3125,1684,1316,125
04/02/2021,13,DC,542795,22000,224200,296595,0,76910,0,93977,621452,388617,0,387849,130135,8636,151292,228689,0,8707,4124,3724,859,5421,2360,2328,733,55064,0,67151,148993,300153,202602,28.7,0,0,201921,35,61090,69.9,103882,14.7,0,0,103723,18,42226,48.3,9436,42938,51492,16,0,0,0,0,9433,42937,51337,16,828,23853,17538,7,3125,1684,1316,125
04/03/2021,13,DC,542795,22000,224200,296595,0,76910,0,93977,621452,396885,0,396114,131056,8963,154251,233671,0,8707,4124,3724,859,5421,2361,2327,733,56236,0,68582,150048,309254,208953,29.6,0,0,207306,35.9,61464,70.4,107122,15.2,0,0,106532,18.4,42672,48.9,9985,44107,53014,16,0,0,0,0,9866,44001,52649,16,861,24054,17750,7,3125,1684,1316,125
04/04/2021,14,DC,542795,22000,224200,296595,0,76910,0,93977,621452,403560,0,396809,131101,9194,156923,237443,0,8708,4124,3725,859,5422,2359,2330,733,57182,0,68702,150099,317048,214219,30.4,0,0,207866,36,61504,70.4,109897,15.6,0,0,106654,18.5,42672,48.9,10333,45211,54337,16,0,0,0,0,9867,43999,52772,16,861,24052,17752,7,3125,1684,1316,125
04/05/2021,14,DC,542795,22000,224200,296595,0,76910,0,93977,621452,407352,0,396809,131101,9304,158563,239485,0,8708,4124,3725,859,5422,2360,2329,733,57719,0,68702,150099,321154,216518,30.7,0,0,207863,36,61504,70.4,111858,15.8,0,0,106655,18.5,42671,48.9,10498,46063,55281,16,0,0,0,0,9867,43998,52774,16,861,24051,17752,7,3125,1684,1316,125
04/06/2021,14,DC,562645,35100,225100,302445,0,79723,0,97414,644179,412388,0,411581,132841,9399,160202,242787,0,8709,4124,3726,859,5422,2359,2330,733,58433,0,71259,152091,326609,218769,31,0,0,218010,37.7,61967,70.9,113268,16,0,0,113102,19.6,43373,49.7,10687,46387,56178,16,0,0,0,0,10684,46386,56016,16,928,24425,18013,7,3125,1684,1316,125
04/07/2021,14,DC,579035,35100,233300,310635,0,82045,0,100252,662944,413125,0,412318,132911,9400,160387,243338,0,8715,4124,3732,859,5422,2360,2329,733,58537,0,71387,152171,329175,220702,31.3,0,0,219927,38.1,62021,71,114192,16.2,0,0,114025,19.7,43468,49.8,10980,46508,56688,16,0,0,0,0,10977,46507,56525,16,937,24438,18086,7,3131,1684,1322,125
04/08/2021,14,DC,595475,37600,244900,312975,0,84375,0,103098,681766,426808,0,425914,133656,10686,164185,251937,0,8715,4124,3732,859,5422,2359,2330,733,60476,0,73741,153024,342832,230713,32.7,0,0,229893,39.8,62589,71.7,121675,17.2,0,0,121443,21,44254,50.7,12826,48148,60684,17,0,0,0,0,12818,48147,60461,17,1017,24757,18472,8,3131,1684,1322,125
04/09/2021,14,DC,605765,38200,246400,321165,0,85833,0,104880,693547,434907,0,433955,134422,11656,166445,256806,0,8719,4126,3734,859,5425,2360,2332,733,61623,0,75133,153901,351675,236659,33.5,0,0,235808,40.8,62872,72,125680,17.8,0,0,125413,21.7,44730,51.2,13947,49071,62642,20,0,0,0,0,13939,49070,62384,20,1065,24974,18683,8,3134,1686,1323,125
04/10/2021,14,DC,610475,39400,246400,324675,0,86500,0,105695,698940,445289,0,444107,135376,13014,169431,262844,0,8725,4130,3736,859,5429,2360,2336,733,63095,0,76891,154994,362962,244653,34.7,0,0,243669,42.2,63341,72.5,130670,18.5,0,0,130306,22.6,45265,51.8,15712,49675,65263,20,0,0,0,0,15704,49674,64908,20,1177,25068,19012,8,3139,1689,1325,125
04/11/2021,15,DC,610475,39400,246400,324675,0,86500,0,105695,698940,454034,0,452838,136033,14271,173216,266547,0,8729,4131,3739,859,5430,2364,2333,733,64334,0,78403,155746,372566,250917,35.6,0,0,249892,43.3,63597,72.8,135412,19.2,0,0,135044,23.4,45684,52.3,17141,51418,66833,20,0,0,0,0,17133,51416,66475,20,1227,25315,19134,8,3142,1689,1328,125
04/12/2021,15,DC,610475,39400,246400,324675,0,86500,0,105695,698940,462553,0,461345,136714,15883,177061,269609,0,8732,4131,3742,859,5431,2364,2334,733,65541,0,79875,156525,380410,256132,36.3,0,0,255096,44.2,63934,73.2,139472,19.8,0,0,139102,24.1,46063,52.7,18587,52423,68442,20,0,0,0,0,18578,52421,68083,20,1331,25450,19274,8,3144,1689,1330,125
04/13/2021,15,DC,617115,43700,246400,327015,0,87441,0,106845,706542,466580,0,465362,137046,16934,177695,271951,0,8764,4131,3774,859,5436,2361,2342,733,66111,0,80571,156906,387403,260750,36.9,0,0,259672,45,64096,73.4,144190,20.4,0,0,143815,24.9,46336,53.1,20945,52835,70387,23,0,0,0,0,20935,52833,70025,22,1379,25497,19451,9,3174,1689,1360,125
04/14/2021,15,DC,653655,44500,268100,341055,0,92619,0,113171,748377,471911,0,470784,137635,17414,179316,275181,0,8806,4144,3803,859,5478,2375,2370,733,66867,0,81510,157580,393515,263823,37.4,0,0,262734,45.5,64262,73.6,147799,20.9,0,0,147492,25.5,46837,53.6,21514,54061,72201,23,0,0,0,0,21504,54058,71908,22,1471,25693,19664,9,3216,1702,1389,125
04/15/2021,15,DC,662395,44500,274500,343395,0,93857,0,114684,758384,481913,0,480638,138378,18651,182106,281156,0,8814,4144,3811,859,5485,2376,2376,733,68284,0,83216,158431,403862,270051,38.3,0,0,268861,46.5,64508,73.9,153091,21.7,0,0,152723,26.4,47345,54.2,22715,55116,75237,23,0,0,0,0,22704,55113,74884,22,1526,25832,19978,9,3217,1702,1390,125
04/16/2021,15,DC,673155,44500,275900,352755,0,95382,0,116547,770703,491109,0,489801,139134,18853,186177,286079,0,8814,4144,3811,859,5485,2376,2376,733,69587,0,84802,159296,413299,275427,39,0,0,274194,47.5,64761,74.1,157353,22.3,0,0,156977,27.2,47792,54.7,22943,56632,77755,23,0,0,0,0,22931,56629,77395,22,1536,26073,20174,9,3217,1702,1390,125
04/17/2021,15,DC,683975,44500,279700,359775,0,96915,0,118421,783091,500879,0,499527,139706,19681,189568,291630,0,8815,4144,3812,859,5485,2376,2376,733,70971,0,86486,159951,422233,281190,39.8,0,0,279924,48.5,64967,74.4,161202,22.8,0,0,160823,27.8,48087,55.1,23643,57742,79794,23,0,0,0,0,23628,57739,79434,22,1551,26207,20320,9,3218,1702,1391,125
04/18/2021,16,DC,683975,44500,279700,359775,0,96915,0,118421,783091,511693,0,510292,140501,19778,193832,298081,2,8815,4144,3812,859,5485,2376,2376,733,72504,0,88350,160861,433983,288396,40.9,0,0,287036,49.7,65315,74.8,165820,23.5,0,0,165431,28.6,48520,55.6,23740,59103,82951,26,0,0,0,0,23725,59100,82581,25,1564,26430,20517,9,3218,1702,1391,125
04/19/2021,16,DC,683975,44500,279700,359775,0,96915,0,118421,783091,521527,0,520073,141324,19851,198995,302679,2,8815,4144,3812,859,5485,2376,2376,733,73897,0,90043,161803,443736,294659,41.8,0,0,293207,50.8,65595,75.1,169356,24,0,0,168960,29.3,49031,56.1,23808,60643,84879,26,0,0,0,0,23793,60639,84503,25,1571,26738,20713,9,3218,1702,1391,125
04/20/2021,16,DC,715305,44500,288800,382005,0,101354,0,123845,818961,525165,0,523681,141469,19874,200738,304551,2,8815,4144,3812,859,5485,2375,2377,733,74412,0,90668,161969,447869,297607,42.2,0,0,296116,51.3,65684,75.2,170538,24.2,0,0,170138,29.5,49118,56.2,23838,61109,85563,28,0,0,0,0,23823,61104,85184,27,1573,26800,20736,9,3218,1702,1391,125
04/21/2021,16,DC,720775,44500,293100,383175,0,102129,0,124792,825224,532219,0,530678,141949,20055,203937,308225,2,8815,4144,3812,859,5485,2378,2374,733,75412,0,91879,162519,455572,301868,42.8,0,0,300301,52,65827,75.4,174124,24.7,0,0,173713,30.1,49444,56.6,24008,62534,87554,28,0,0,0,0,23993,62529,87164,27,1587,27043,20805,9,3218,1702,1391,125
04/22/2021,16,DC,737115,44500,307100,385515,0,104444,0,127621,843931,539240,0,537621,142343,20071,206454,312713,2,8819,4147,3813,859,5488,2377,2378,733,76407,0,93081,162970,463292,305618,43.3,0,0,303976,52.6,65974,75.5,178088,25.2,0,0,177608,30.8,49672,56.9,24031,63467,90562,28,0,0,0,0,24016,63462,90103,27,1591,27165,20907,9,3219,1703,1391,125
04/23/2021,16,DC,777625,44500,309000,424125,0,110184,0,134635,890312,548808,0,547153,143252,20230,211250,317326,2,8819,4147,3813,859,5488,2377,2378,733,77762,0,94732,164011,472755,310555,44,0,0,308857,53.5,66200,75.8,182609,25.9,0,0,182118,31.5,50303,57.6,24117,65273,93191,28,0,0,0,0,24102,65268,92721,27,1611,27591,21092,9,3219,1703,1391,125
04/24/2021,16,DC,780595,44500,310800,425295,0,110605,0,135149,893712,558290,0,556292,143797,20289,215290,322709,2,8868,4181,3828,859,5536,2412,2391,733,79106,0,96314,164635,482257,315394,44.7,0,0,313488,54.3,66402,76,187300,26.5,0,0,186657,32.3,50631,58,24167,67110,95995,28,0,0,0,0,24152,67104,95374,27,1619,27769,21234,9,3220,1704,1391,125
04/25/2021,17,DC,780595,44500,310800,425295,0,110605,0,135149,893712,568011,0,565982,144410,20323,219497,328189,2,8869,4181,3829,859,5536,2410,2393,733,80483,0,97992,165337,492522,319465,45.3,0,0,317498,55,66584,76.2,193477,27.4,0,0,192808,33.4,51007,58.4,24196,69454,99799,28,0,0,0,0,24181,69446,99154,27,1622,28017,21359,9,3221,1704,1392,125
04/26/2021,17,DC,780595,44500,310800,425295,0,110605,0,135149,893712,576507,0,574446,144881,20410,223722,332351,24,8869,4181,3829,859,5536,2413,2390,733,81687,0,99457,165876,500594,324137,45.9,0,0,322127,55.8,66758,76.4,196859,27.9,0,0,196182,34,51275,58.7,24228,71368,101234,29,0,0,0,0,24213,71360,100581,28,1626,28224,21416,9,3221,1704,1392,125
04/27/2021,17,DC,784105,44500,310800,428805,0,111103,0,135757,897731,581013,0,578933,145081,20413,226523,334051,26,8869,4181,3829,859,5536,2412,2391,733,82326,0,100234,166105,505840,326687,46.3,0,0,324628,56.2,66842,76.5,199548,28.3,0,0,198853,34.4,51437,58.9,24238,73032,102248,30,0,0,0,0,24223,73023,101578,29,1628,28347,21453,9,3221,1704,1392,125
04/28/2021,17,DC,813075,44500,326900,441675,0,115207,0,140772,930899,588451,0,586218,145445,20500,229826,338088,37,8869,4181,3829,859,5536,2411,2392,733,83380,0,101495,166522,512905,330670,46.9,0,0,328472,56.9,66995,76.7,202688,28.7,0,0,201982,35,51616,59.1,24320,74062,104276,30,0,0,0,0,24305,74053,103595,29,1629,28426,21552,9,3221,1704,1392,125
04/29/2021,17,DC,827895,44700,334500,448695,0,117307,0,143338,947866,595665,0,593300,145944,20716,232422,342490,37,8869,4181,3829,859,5536,2410,2393,733,84402,0,102722,167093,520023,334206,47.4,0,0,331894,57.5,67189,76.9,206340,29.2,0,0,205615,35.6,51852,59.4,24481,74973,106856,30,0,0,0,0,24466,74964,106156,29,1635,28545,21663,9,3221,1704,1392,125
04/30/2021,17,DC,863315,44800,339400,479115,0,122326,0,149471,988419,601789,0,599389,146383,20725,234641,346386,37,8869,4181,3829,859,5536,2410,2393,733,85270,0,103776,167596,527344,337803,47.9,0,0,335443,58.1,67400,77.2,210078,29.8,0,0,209329,36.2,52059,59.6,24531,75811,109706,30,0,0,0,0,24516,75801,108983,29,1637,28621,21792,9,3221,1704,1392,125
05/01/2021,17,DC,864815,46100,339600,479115,0,122539,0,149731,990137,608710,0,606287,146901,20749,237717,350207,37,8869,4181,3829,859,5536,2411,2392,733,86250,0,104970,168189,534948,341552,48.4,0,0,339166,58.7,67620,77.4,213945,30.3,0,0,213186,36.9,52321,59.9,24573,77364,111978,30,0,0,0,0,24558,77354,111245,29,1639,28772,21901,9,3221,1704,1392,125
05/02/2021,18,DC,864815,46100,339600,479115,0,122539,0,149731,990137,615530,0,613028,147270,20822,240187,354484,37,8870,4181,3830,859,5536,2412,2391,733,87217,0,106137,168611,541375,344415,48.8,0,0,341961,59.2,67779,77.6,217523,30.8,0,0,216741,37.5,52477,60.1,24630,78428,114435,30,0,0,0,0,24615,78418,113679,29,1641,28840,21987,9,3222,1704,1393,125
05/03/2021,18,DC,864815,46100,339600,479115,0,122539,0,149731,990137,620186,0,617633,147556,20920,242063,357166,37,8870,4181,3830,859,5536,2410,2393,733,87876,0,106934,168939,545824,346567,49.1,0,0,344079,59.6,67919,77.8,219876,31.2,0,0,219083,37.9,52612,60.2,24698,79539,115608,31,0,0,0,0,24683,79529,114842,29,1645,28916,22042,9,3222,1704,1393,125
05/04/2021,18,DC,875555,46400,347700,481455,0,124060,0,151590,1002433,621149,0,618574,147682,20920,242573,357619,37,8870,4181,3830,859,5536,2410,2393,733,88013,0,107097,169083,547424,347171,49.2,0,0,344663,59.7,67976,77.8,220887,31.3,0,0,220085,38.1,52711,60.3,24721,79839,116296,31,0,0,0,0,24706,79829,115521,29,1648,28960,22094,9,3222,1704,1393,125
05/05/2021,18,DC,895425,46600,354500,494325,0,126876,0,155030,1025182,626082,0,623475,147977,20986,245111,359948,37,8870,4181,3830,859,5536,2410,2393,733,88712,0,107946,169421,552978,349238,49.5,0,0,346697,60,68096,78,224437,31.8,0,0,223611,38.7,52896,60.6,24820,81466,118120,31,0,0,0,0,24805,81456,117321,29,1659,29074,22154,9,3222,1704,1393,125
05/06/2021,18,DC,904745,49300,361120,494325,0,128196,0,156644,1035853,631309,0,628675,148452,21084,247572,362614,39,8870,4181,3830,859,5536,2411,2392,733,89452,0,108846,169964,557532,350697,49.7,0,0,348138,60.3,68297,78.2,227589,32.2,0,0,226747,39.3,53059,60.7,24918,82669,119971,31,0,0,0,0,24903,82658,119157,29,1675,29151,22224,9,3222,1704,1393,125
05/07/2021,18,DC,916875,49500,362520,504855,0,129915,0,158744,1049741,637854,0,635111,148843,21191,249934,366690,39,8871,4181,3831,859,5537,2412,2392,733,90380,0,109961,170412,564684,354000,50.2,0,0,351363,60.8,68516,78.4,231572,32.8,0,0,230690,39.9,53263,61,25086,84406,122048,32,0,0,0,0,25071,84393,121196,30,1689,29243,22321,10,3222,1704,1393,125
05/08/2021,18,DC,918975,49500,364620,504855,0,130213,0,159108,1052145,647628,0,644748,149499,21462,253747,372380,39,8872,4181,3832,859,5538,2409,2396,733,91765,0,111629,171163,573718,357991,50.7,0,0,355270,61.5,68801,78.8,236805,33.6,0,0,235881,40.8,53587,61.4,25319,86498,124955,33,0,0,0,0,25304,86483,124063,31,1719,29395,22463,10,3222,1704,1393,125
05/09/2021,19,DC,918975,49500,364620,504855,0,130213,0,159108,1052145,655560,0,652587,149923,21612,256284,377612,52,8880,4184,3837,859,5545,2413,2399,733,92889,0,112986,171649,581414,360914,51.1,0,0,358134,62,68978,79,241630,34.2,0,0,240652,41.7,53795,61.6,25438,88188,127967,37,0,0,0,0,25423,88173,127021,35,1729,29503,22552,11,3229,1707,1397,125
05/10/2021,19,DC,918975,49500,364620,504855,0,130213,0,159108,1052145,665014,0,661918,150358,21686,259566,383709,53,8880,4184,3837,859,5545,2413,2399,733,94228,0,114602,172147,590977,363961,51.6,0,0,361110,62.5,69122,79.1,248353,35.2,0,0,247295,42.8,54093,61.9,25684,90230,132402,37,0,0,0,0,25669,90214,131377,35,1743,29619,22720,11,3229,1707,1397,125
05/11/2021,19,DC,926085,51500,366220,508365,0,131220,0,160339,1060285,671959,0,668749,150620,21916,261390,388598,55,8880,4184,3837,859,5545,2415,2397,733,95212,0,115784,172447,597340,366484,51.9,0,0,363564,62.9,69253,79.3,252382,35.8,0,0,251274,43.5,54245,62.1,25888,91341,135116,37,0,0,0,0,25871,91325,134043,35,1754,29677,22803,11,3229,1707,1397,125
05/12/2021,19,DC,940325,51600,378020,510705,0,133238,0,162804,1076589,681780,0,678449,151049,22438,263692,395590,60,8880,4184,3837,859,5545,2414,2398,733,96604,0,117464,172938,606412,369925,52.4,0,0,366946,63.5,69440,79.5,258321,36.6,0,0,257147,44.5,54486,62.4,26250,92714,139316,41,0,0,0,0,26233,92698,138177,39,1768,29763,22943,12,3229,1707,1397,125
05/13/2021,19,DC,945685,51600,383380,510705,0,133997,155093,163732,1082726,685996,685940,682621,151323,22637,265545,397754,60,8883,4184,3840,859,5546,2413,2400,733,97201,112495,118186,173251,610369,371201,52.6,371164,60.9,368191,63.7,69549,79.6,261129,37,261116,42.8,259920,45,54655,62.6,26418,93733,140935,43,26416,93730,140927,43,26401,93714,139764,41,1785,29853,23004,13,3230,1707,1398,125
05/14/2021,19,DC,958095,52200,384660,521235,0,135756,157128,165881,1096934,692270,692214,688827,151701,22801,268287,401122,60,8885,4186,3840,859,5548,2415,2400,733,98090,113523,119261,173684,616573,373491,52.9,373454,61.2,370387,64.1,69712,79.8,265177,37.6,265164,43.5,263914,45.7,54888,62.8,26578,95634,142918,47,26576,95631,142910,47,26561,95614,141694,45,1809,29970,23096,13,3231,1708,1398,125
05/15/2021,19,DC,960675,52300,384800,523575,0,136121,157551,166327,1099888,698064,698007,694520,152367,22986,270747,404271,60,8896,4194,3843,859,5549,2416,2400,733,98911,114474,120246,174447,622952,375790,53.2,375760,61.6,372535,64.5,69951,80.1,269389,38.2,269376,44.2,268102,46.4,55291,63.3,26743,97344,145254,48,26741,97341,145246,48,26726,97322,144008,46,1819,30289,23170,13,3242,1716,1401,125
05/16/2021,20,DC,960675,52300,384800,523575,0,136121,157551,166327,1099888,714049,713991,710041,157423,23211,282583,408164,91,8903,4200,3844,859,5549,2416,2400,733,101176,117095,122934,180235,636709,379065,53.7,379030,62.2,375304,65,70545,80.8,279928,39.7,279915,45.9,278604,48.2,59391,68,26895,105451,147511,71,26893,105448,147503,71,26878,105428,146229,69,1835,34293,23250,13,3249,1721,1403,125
05/17/2021,20,DC,960675,52300,384800,523575,0,136121,157551,166327,1099888,724576,724516,720126,158192,23299,287165,413947,165,8910,4207,3844,859,5550,2418,2399,733,102668,118821,124680,181116,646088,381520,54.1,381481,62.6,377329,65.3,70658,80.9,286901,40.7,286887,47,285535,49.4,60003,68.7,26974,108615,151170,142,26972,108611,151162,142,26957,108590,149848,140,1844,34764,23381,14,3254,1726,1403,125
05/18/2021,20,DC,968865,52300,384800,531765,0,137282,158894,167745,1109265,729556,729496,724588,158469,23333,288565,417489,169,8910,4207,3844,859,5550,2419,2398,733,103373,119638,125452,181433,650683,383078,54.3,383039,62.8,378402,65.5,70751,81,289882,41.1,289868,47.5,288498,49.9,60164,68.9,27027,109403,153310,142,27025,109399,153302,142,27010,109378,151970,140,1848,34846,23456,14,3254,1726,1403,125
05/19/2021,20,DC,977815,52400,390140,535275,0,138550,160362,169295,1119512,733212,733152,728113,158671,23362,290727,418949,174,8910,4207,3844,859,5550,2417,2400,733,103891,120237,126062,181664,655064,384233,54.4,384191,63,379325,65.7,70832,81.1,293149,41.5,293135,48.1,291708,50.5,60313,69.1,27106,111245,154655,143,27104,111241,154647,143,27089,111219,153259,141,1853,34923,23522,15,3254,1726,1403,125
05/20/2021,20,DC,986455,53100,398080,535275,0,139774,161779,170791,1129404,739546,739485,733954,159005,23440,293092,422840,174,8913,4208,3846,859,5550,2419,2398,733,104789,121276,127074,182047,661463,386455,54.8,386411,63.4,381072,66,70976,81.3,297401,42.1,297387,48.8,295867,51.2,60519,69.3,27218,112777,157262,144,27216,112773,157254,144,27201,112748,155776,142,1857,35010,23636,16,3257,1727,1405,125
05/21/2021,20,DC,1004165,53200,400480,550485,0,142284,164684,173857,1149680,748358,748297,742239,160140,23714,295883,428587,174,8913,4208,3846,859,5550,2417,2400,733,106037,122721,128508,183346,669020,388817,55.1,388765,63.8,383000,66.3,71115,81.4,302802,42.9,302788,49.7,301190,52.1,61242,70.1,27484,114499,160675,144,27482,114495,160667,144,27466,114470,159112,142,1860,35122,24244,16,3257,1727,1405,125
05/22/2021,20,DC,1008855,53300,401560,553995,0,142948,165453,174669,1155050,754427,754366,747931,160477,23859,298844,431550,174,8913,4208,3846,859,5550,2419,2398,733,106897,123716,129494,183732,674422,390523,55.3,390470,64,384398,66.6,71256,81.6,306573,43.4,306559,50.3,304884,52.8,61428,70.3,27596,116489,162344,144,27594,116485,162336,144,27578,116460,160704,142,1870,35230,24312,16,3257,1727,1405,125
05/23/2021,21,DC,1008855,53300,401560,553995,0,142948,165453,174669,1155050,762688,762623,755372,160856,24040,301628,436840,180,8914,4208,3847,859,5551,2418,2400,733,108068,125071,130782,184166,681312,393181,55.7,393123,64.5,386341,66.9,71399,81.7,310905,44.1,310891,51,309143,53.5,61635,70.6,27732,118137,164890,146,27730,118133,164882,146,27714,118107,163178,144,1889,35306,24424,16,3257,1727,1405,125
05/24/2021,21,DC,1008855,53300,401560,553995,0,142948,165453,174669,1155050,765744,765678,758198,161049,24109,302851,438600,184,8955,4237,3859,859,5552,2418,2401,733,108501,125572,131271,184387,684199,394259,55.9,394200,64.6,387176,67,71465,81.8,312763,44.3,312749,51.3,310992,53.8,61766,70.7,27793,118929,165895,146,27791,118925,165887,146,27775,118899,164174,144,1892,35369,24489,16,3297,1755,1417,125
05/25/2021,21,DC,1011995,53300,402360,556335,0,143393,165968,175213,1158650,767803,767737,759886,161131,24181,303747,439688,187,8954,4237,3858,859,5552,2418,2401,733,108793,125909,131564,184481,686332,395158,56,395098,64.8,387796,67.1,71509,81.9,314050,44.5,314036,51.5,312256,54.1,61832,70.8,27862,119683,166358,147,27860,119679,166350,147,27844,119653,164614,145,1898,35396,24522,16,3297,1755,1417,125
05/26/2021,21,DC,1012995,53500,403160,556335,0,143535,166132,175386,1159790,770851,770785,762855,161697,24239,305095,441305,212,8954,4237,3858,859,5552,2419,2400,733,109225,126409,132078,185129,689880,396264,56.1,396203,65,388754,67.3,71620,82,316547,44.9,316533,51.9,314719,54.5,62211,71.2,27957,120727,167713,150,27955,120723,167705,150,27939,120696,165936,148,1904,35458,24833,16,3297,1755,1417,125
05/27/2021,21,DC,1019215,53700,409180,556335,0,144416,167152,176463,1166910,774198,774131,766097,161972,24291,306747,442948,212,8954,4237,3858,859,5552,2419,2400,733,109699,126958,132639,185444,693132,397218,56.3,397156,65.1,389625,67.5,71709,82.1,318874,45.2,318860,52.3,317016,54.9,62384,71.4,28023,121913,168788,150,28021,121909,168780,150,28005,121882,166981,148,1913,35537,24918,16,3297,1755,1417,125
05/28/2021,21,DC,1019215,53700,409180,556335,0,144416,167152,176463,1166910,781132,781065,772528,162332,24535,310033,446352,212,8954,4237,3858,859,5552,2419,2400,733,110681,128095,133752,185856,698478,399580,56.6,399518,65.5,391651,67.8,71853,82.3,322026,45.6,322012,52.8,320037,55.4,62579,71.6,28215,123474,170187,150,28213,123470,170179,150,28197,123443,168249,148,1921,35626,25016,16,3297,1755,1417,125
05/29/2021,21,DC,1029935,53800,410440,565695,0,145935,168910,178319,1179180,785239,785172,776296,162657,24678,311615,448734,212,8954,4237,3858,859,5552,2418,2401,733,111263,128769,134405,186228,702595,401192,56.8,401130,65.8,392972,68,71997,82.4,324585,46,324571,53.2,322528,55.8,62791,71.9,28311,124527,171592,155,28309,124523,171584,155,28293,124496,169586,153,1930,35722,25120,19,3297,1755,1417,125
05/30/2021,22,DC,1029935,53800,410440,565695,0,145935,168910,178319,1179180,788012,787945,778920,162897,24857,312871,450072,212,8954,4237,3858,859,5552,2419,2400,733,111656,129223,134859,186503,704847,402041,57,401979,65.9,393706,68.2,72069,82.5,326043,46.2,326029,53.5,323959,56.1,62928,72,28386,125274,172228,155,28384,125270,172220,155,28368,125243,170195,153,1943,35790,25176,19,3297,1755,1417,125
05/31/2021,22,DC,1029935,53800,410440,565695,0,145935,168910,178319,1179180,789663,789595,780448,163044,24917,313592,450938,216,8954,4237,3858,859,5552,2419,2400,733,111890,129494,135124,186671,706553,402896,57.1,402834,66.1,394440,68.3,72141,82.6,326963,46.3,326949,53.6,324854,56.2,63015,72.1,28464,125697,172647,155,28462,125693,172639,155,28446,125666,170589,153,1951,35829,25216,19,3297,1755,1417,125
06/01/2021,22,DC,1029935,53800,410440,565695,0,145935,168910,178319,1179180,790691,790623,781403,163101,24980,314049,451445,217,8954,4237,3858,859,5552,2419,2400,733,112036,129663,135289,186736,707648,403411,57.2,403349,66.1,394885,68.4,72164,82.6,327604,46.4,327590,53.7,325470,56.4,63061,72.2,28527,126008,172913,156,28525,126004,172905,156,28509,125977,170830,154,1955,35850,25237,19,3297,1755,1417,125
06/02/2021,22,DC,1032275,53800,410440,568035,0,146267,169294,178724,1181860,791412,791344,782064,163146,25011,314263,451921,217,8954,4237,3858,859,5552,2420,2399,733,112138,129781,135403,186788,708352,403743,57.2,403680,66.2,395164,68.4,72183,82.6,327999,46.5,327985,53.8,325856,56.4,63088,72.2,28552,126160,173131,156,28550,126156,173123,156,28534,126129,171039,154,1958,35864,25247,19,3297,1755,1417,125
06/03/2021,22,DC,1037565,54100,414260,569205,0,147016,170161,179640,1187920,792734,792666,783325,163349,25071,314938,452508,217,8956,4237,3860,859,5554,2419,2402,733,112325,129998,135622,187020,709680,404264,57.3,404201,66.3,395628,68.5,72252,82.7,328856,46.6,328842,53.9,326699,56.6,63226,72.4,28614,126639,173446,157,28612,126635,173438,157,28596,126608,171340,155,1962,35944,25300,20,3297,1755,1417,125
06/04/2021,22,DC,1038545,54100,415240,569205,0,147155,170322,179809,1189040,795113,795045,785380,163571,25117,315808,453968,220,8956,4237,3860,859,5554,2417,2404,733,112662,130388,135977,187274,712118,405393,57.4,405326,66.5,396479,68.6,72337,82.8,330192,46.8,330178,54.1,327956,56.8,63370,72.6,28677,127197,174160,158,28675,127193,174152,158,28659,127165,171976,156,1968,36010,25371,21,3297,1755,1417,125
06/05/2021,22,DC,1047935,54400,416140,577395,0,148486,171862,181435,1199790,797785,797716,787782,163806,25215,316742,455608,220,8957,4237,3861,859,5554,2418,2403,733,113041,130826,136393,187543,714703,406506,57.6,406437,66.7,397431,68.8,72423,82.9,331715,47,331700,54.4,329328,57,63498,72.7,28757,127727,175072,159,28755,127723,175063,159,28739,127694,172738,157,1978,36069,25430,21,3298,1755,1418,125
06/06/2021,23,DC,1047935,54400,416140,577395,0,148486,171862,181435,1199790,797796,797727,787793,163809,25220,316742,455614,220,8957,4237,3861,859,5554,2418,2403,733,113042,130828,136395,187547,715318,406810,57.6,406739,66.7,397674,68.9,72446,82.9,332049,47,332033,54.5,329588,57.1,63523,72.7,28789,127833,175266,161,28787,127829,175256,161,28771,127799,172859,159,1980,36081,25441,21,3298,1755,1418,125
06/07/2021,23,DC,1047935,54400,416140,577395,0,148486,171862,181435,1199790,803500,803430,791658,164135,25353,318529,459398,220,8957,4237,3861,859,5554,2420,2401,733,113851,131763,137064,187920,720261,408830,57.9,408758,67,398977,69.1,72562,83.1,335081,47.5,335065,55,331631,57.4,63693,72.9,28920,128888,177112,161,28918,128884,177102,161,28902,128853,173717,159,1996,36170,25506,21,3298,1755,1418,125
06/08/2021,23,DC,1048495,54400,416700,577395,0,148565,171954,181532,1200430,805360,805290,792788,164197,25427,318830,460882,221,8957,4237,3861,859,5554,2419,2402,733,114114,132068,137260,187991,722033,409540,58,409467,67.2,399455,69.2,72582,83.1,336199,47.6,336180,55.1,332257,57.5,63736,73,28984,129074,177980,161,28982,129070,177967,161,28966,129039,174093,159,1998,36185,25532,21,3298,1755,1418,125
06/09/2021,23,DC,1049665,54400,416700,578565,0,148731,172146,181735,1201770,807157,807086,794235,164348,25475,319472,461989,221,8957,4237,3861,859,5554,2419,2402,733,114369,132363,137511,188164,723700,410171,58.1,410098,67.3,399983,69.3,72636,83.2,337253,47.8,337234,55.3,333018,57.7,63810,73.1,29021,129502,178568,162,29019,129498,178555,162,29003,129467,174388,160,2003,36222,25564,21,3298,1755,1418,125
06/10/2021,23,DC,1049605,54400,416640,578565,0,148722,172136,181724,1201710,809582,809511,796314,164557,25544,320404,463403,231,8957,4237,3861,859,5554,2420,2401,733,114712,132760,137871,188403,726155,411039,58.2,410966,67.4,400698,69.4,72707,83.2,338846,48,338827,55.6,334332,57.9,63921,73.2,29077,130157,179447,165,29075,130153,179434,165,29059,130122,174988,163,2007,36277,25616,21,3298,1755,1418,125
06/11/2021,23,DC,1049605,54400,416640,578565,0,148722,172136,181724,1201710,809582,809511,796314,164557,25544,320404,463403,231,8957,4237,3861,859,5554,2418,2403,733,114712,132760,137871,188403,726349,411129,58.3,411056,67.4,400784,69.4,72715,83.3,338953,48,338933,55.6,334426,57.9,63924,73.2,29086,130201,179500,166,29084,130197,179486,166,29068,130166,175028,164,2007,36279,25617,21,3298,1755,1418,125
06/12/2021,23,DC,1050145,54400,417180,578565,0,148799,172224,181818,1202320,812053,811982,798335,164752,25638,321248,464925,242,8958,4237,3862,859,5554,2417,2404,733,115063,133166,138220,188626,728954,412337,58.4,412261,67.6,401797,69.6,72797,83.3,340402,48.2,340378,55.8,335542,58.1,64027,73.3,29174,130650,180407,171,29172,130646,180389,171,29156,130614,175603,169,2012,36316,25677,22,3299,1755,1419,125
06/13/2021,24,DC,1050145,54400,417180,578565,0,148799,172224,181818,1202320,814593,814522,800504,164959,25709,322356,466277,251,8958,4237,3862,859,5554,2417,2404,733,115422,133582,138596,188863,731503,413373,58.6,413297,67.8,402713,69.7,72868,83.4,341939,48.5,341913,56.1,336805,58.3,64132,73.4,29245,131225,181298,171,29243,131221,181278,171,29227,131189,176220,169,2017,36364,25729,22,3299,1755,1419,125
06/14/2021,24,DC,1050145,54400,417180,578565,0,148799,172224,181818,1202320,821887,821815,807043,165499,26403,324316,470902,266,8958,4237,3862,859,5356,2340,2319,697,116456,134778,139728,189482,737698,415522,58.9,415446,68.1,404459,70,73010,83.6,346486,49.1,346460,56.8,341055,59,64533,73.9,29820,132653,183841,172,29818,132649,183821,172,29802,132617,178466,170,2068,36527,25916,22,3495,1835,1499,161
06/15/2021,24,DC,1050145,54400,417180,578565,0,148799,172224,181818,1202320,824047,823975,808857,165600,26523,325146,472111,267,8958,4237,3862,859,5356,2340,2319,697,116762,135132,140042,189597,739746,416216,59,416139,68.2,405044,70.1,73054,83.6,347921,49.3,347891,57.1,342221,59.3,64602,74,29920,133155,184673,173,29918,133151,184649,173,29902,133118,179030,171,2080,36556,25944,22,3495,1835,1499,161
06/16/2021,24,DC,1050425,54400,417460,578565,0,148838,172270,181866,1202640,826448,826376,810482,165773,26587,325685,473900,276,8958,4237,3862,859,5356,2340,2319,697,117102,135526,140324,189795,742764,417466,59.2,417388,68.5,405966,70.3,73164,83.8,349725,49.6,349694,57.4,343511,59.5,64756,74.1,30001,133594,185955,175,29999,133590,185930,175,29983,133557,179798,173,2095,36621,26018,22,3495,1835,1499,161
06/17/2021,24,DC,1051565,54400,418600,578565,0,149000,172457,182064,1203950,832077,832003,814490,166092,26783,326950,478058,286,8958,4237,3862,859,5356,2340,2319,697,117900,136449,141017,190161,747662,419800,59.5,419720,68.8,407532,70.6,73290,83.9,352381,49.9,352349,57.8,345424,59.8,64938,74.3,30146,134217,187842,176,30144,134213,187816,176,30128,134180,180942,174,2104,36690,26122,22,3495,1835,1499,161
06/18/2021,24,DC,1053115,54400,418980,579735,0,149219,172711,182332,1205720,834262,834188,816447,166278,26870,327775,479323,294,8958,4237,3862,859,5356,2340,2319,697,118209,136807,141356,190374,749726,420635,59.6,420554,69,408249,70.7,73373,84,353664,50.1,353631,58,346525,60,65041,74.5,30220,134675,188592,177,30218,134671,188565,177,30202,134638,181511,174,2108,36736,26175,22,3495,1835,1499,161
06/19/2021,24,DC,1053315,54400,419180,579735,0,149248,172744,182367,1205950,841249,841174,822643,166943,26981,332243,481720,305,8958,4237,3862,859,5356,2340,2319,697,119199,137953,142429,191135,755609,423813,60.1,423732,69.5,410883,71.1,73706,84.4,356422,50.5,356388,58.4,349084,60.4,65328,74.8,30324,136516,189405,177,30322,136511,189378,177,30306,136478,182126,174,2127,36944,26235,22,3495,1835,1499,161
06/20/2021,25,DC,1053315,54400,419180,579735,0,149248,172744,182367,1205950,843066,842991,824157,167110,27042,332802,482907,315,8958,4237,3862,859,5356,2340,2319,697,119457,138251,142691,191326,757075,424482,60.1,424401,69.6,411433,71.2,73772,84.5,357234,50.6,357200,58.6,349775,60.6,65405,74.9,30365,136795,189897,177,30363,136790,189870,177,30347,136757,182497,174,2132,36976,26275,22,3495,1835,1499,161
06/21/2021,25,DC,1053315,54400,419180,579735,0,149248,172744,182367,1205950,844373,844298,825251,167207,27101,333251,483706,315,8958,4237,3862,859,5356,2340,2319,697,119642,138465,142881,191437,758203,425069,60.2,424988,69.7,411912,71.3,73816,84.5,357817,50.7,357783,58.7,350269,60.6,65451,74.9,30413,137021,190206,177,30411,137016,190179,177,30395,136982,182718,174,2134,37003,26292,22,3495,1835,1499,161
06/22/2021,25,DC,1054415,54400,420280,579735,0,149404,172925,182557,1207210,845387,845312,826135,167281,27191,333531,484350,315,8958,4237,3862,859,5356,2340,2319,697,119786,138632,143034,191522,759367,425695,60.3,425614,69.8,412466,71.4,73878,84.6,358432,50.8,358398,58.8,350803,60.7,65505,75,30499,137208,190546,179,30497,137203,190519,179,30481,137168,182979,175,2141,37029,26313,22,3495,1835,1499,161
06/23/2021,25,DC,1056005,54400,420700,580905,0,149629,173185,182832,1209030,846481,846406,827093,167381,27240,333850,485066,325,8958,4237,3862,859,5356,2340,2319,697,119941,138811,143199,191636,760475,426224,60.4,426142,69.9,412919,71.5,73911,84.6,359031,50.9,358997,58.9,351322,60.8,65552,75.1,30555,137360,190937,179,30553,137355,190910,179,30537,137320,183290,175,2144,37049,26337,22,3495,1835,1499,161
06/24/2021,25,DC,1056305,54400,421000,580905,0,149671,173235,182884,1209380,848202,848127,828646,167537,27319,334328,486220,335,8958,4237,3862,859,5356,2340,2319,697,120185,139093,143468,191815,762285,427158,60.5,427076,70,413752,71.6,73988,84.7,359956,51,359921,59,352144,61,65625,75.1,30641,137620,191516,179,30639,137615,191488,179,30623,137580,183766,175,2155,37082,26366,22,3495,1835,1499,161
06/25/2021,25,DC,1059485,54400,421840,583245,0,150122,173756,183435,1213020,851990,851915,832254,167766,27409,334779,489460,342,8958,4237,3862,859,5356,2340,2319,697,120721,139715,144093,192077,765644,427963,60.6,427880,70.2,414444,71.8,74056,84.8,362549,51.4,362513,59.5,354645,61.4,65772,75.3,30725,137845,193799,180,30723,137840,193770,180,30707,137804,185958,176,2159,37104,26487,22,3495,1835,1499,161
06/26/2021,25,DC,1061435,54400,422620,584415,0,150398,174076,183772,1215250,855653,855578,835685,168571,27485,337344,490468,356,9007,4253,3895,859,5403,2354,2352,697,121240,140315,144687,192999,768103,428669,60.7,428585,70.3,415053,71.9,74104,84.8,363412,51.5,363374,59.6,355377,61.5,65834,75.4,30795,138143,194293,181,30793,138138,194262,181,30777,138101,186322,177,2163,37129,26520,22,3496,1836,1499,161
06/27/2021,26,DC,1061435,54400,422620,584415,0,150398,174076,183772,1215250,858663,858588,838369,168881,27557,339058,491678,370,9007,4253,3895,859,5403,2354,2352,697,121667,140809,145152,193354,771367,429801,60.9,429717,70.5,416046,72,74219,85,365591,51.8,365553,60,357308,61.9,66060,75.6,30881,139390,195138,182,30879,139385,195107,182,30863,139348,186919,178,2169,37303,26566,22,3496,1836,1499,161
06/28/2021,26,DC,1061435,54400,422620,584415,0,150398,174076,183772,1215250,861456,861381,840856,169063,27657,340295,493132,372,9007,4253,3895,859,5403,2354,2352,697,122063,141267,145582,193562,773911,430821,61,430737,70.6,416933,72.2,74279,85,367183,52,367145,60.2,358723,62.1,66186,75.8,30973,140144,195884,182,30971,140139,195853,182,30955,140101,187489,178,2178,37382,26604,22,3496,1836,1499,161
06/29/2021,26,DC,1061435,54400,422620,584415,0,150398,174076,183772,1215250,862206,862131,841499,169111,27687,340419,493728,372,9007,4253,3895,859,5403,2354,2352,697,122169,141390,145694,193617,774746,431271,61.1,431185,70.7,417317,72.3,74323,85.1,367603,52.1,367565,60.3,359071,62.2,66226,75.8,31011,140205,196203,184,31009,140200,196172,184,30993,140162,187738,178,2183,37397,26624,22,3496,1836,1499,161
06/30/2021,26,DC,1061435,54400,422620,584415,0,150398,174076,183772,1215250,863593,863518,842740,169237,27751,340841,494621,380,9008,4253,3896,859,5403,2354,2352,697,122365,141617,145909,193761,776575,432227,61.2,432141,70.9,418175,72.4,74391,85.2,368531,52.2,368493,60.4,359899,62.3,66304,75.9,31109,140440,196797,185,31107,140435,196766,185,31091,140397,188233,178,2191,37428,26663,22,3497,1836,1500,161
07/01/2021,26,DC,1061635,54400,422820,584415,0,150427,174109,183807,1215480,865044,864969,844039,169376,27818,341211,495634,381,9009,4253,3897,859,5403,2354,2352,697,122571,141855,146133,193921,778036,432968,61.3,432882,71,418821,72.5,74460,85.3,369251,52.3,369213,60.6,360539,62.4,66376,76,31161,140620,197280,190,31159,140615,197249,190,31142,140575,188641,181,2198,37454,26701,23,3498,1836,1501,161
07/02/2021,26,DC,1062055,54400,423240,584415,0,150486,174178,183880,1215960,867245,867168,846013,169614,27896,342308,496658,383,9009,4253,3897,859,5403,2354,2352,697,122883,142216,146475,194193,779958,433940,61.5,433852,71.2,419668,72.7,74544,85.3,370231,52.5,370192,60.7,361397,62.6,66479,76.1,31239,141022,197779,191,31237,141017,197747,191,31220,140976,189019,182,2208,37503,26744,24,3498,1836,1501,161
07/03/2021,26,DC,1062495,54400,423680,584415,0,150549,174250,183956,1216460,870954,870877,849412,170069,27979,343719,498871,385,9009,4253,3897,859,5403,2354,2352,697,123408,142824,147064,194714,783092,434887,61.6,434799,71.3,420522,72.8,74643,85.5,372444,52.8,372403,61.1,363397,62.9,66765,76.4,31311,141902,199038,193,31309,141897,199004,193,31292,141856,190067,182,2211,37690,26840,24,3498,1836,1501,161
07/04/2021,27,DC,1062495,54400,423680,584415,0,150549,174250,183956,1216460,872461,872384,850726,170192,28021,344220,499833,387,9009,4253,3897,859,5403,2354,2352,697,123622,143071,147291,194855,784470,435507,61.7,435419,71.4,421045,72.9,74703,85.5,373208,52.9,373167,61.2,364063,63,66813,76.5,31350,142170,199492,196,31348,142165,199458,196,31331,142124,190423,185,2214,37716,26859,24,3498,1836,1501,161
07/05/2021,27,DC,1062495,54400,423680,584415,0,150549,174250,183956,1216460,873589,873510,851695,170257,28077,344469,500656,387,9009,4253,3897,859,5403,2354,2352,697,123782,143256,147459,194929,785500,436060,61.8,435972,71.5,421525,73,74734,85.6,373723,53,373682,61.3,364500,63.1,66852,76.5,31396,142335,199796,196,31394,142330,199762,196,31377,142289,190649,185,2216,37738,26874,24,3498,1836,1501,161
07/06/2021,27,DC,1062495,54400,423680,584415,0,150549,174250,183956,1216460,873977,873898,852006,170275,28083,344532,500975,387,9009,4253,3897,859,5403,2354,2352,697,123837,143320,147513,194950,785891,436301,61.8,436213,71.5,421716,73,74751,85.6,373883,53,373842,61.3,364637,63.1,66864,76.6,31408,142368,199909,198,31406,142363,199875,198,31389,142322,190740,186,2219,37742,26879,24,3498,1836,1501,161
07/07/2021,27,DC,1062495,54400,423680,584415,0,150549,174250,183956,1216460,873994,873915,852023,170275,28084,344546,500977,387,9011,4253,3899,859,5405,2354,2354,697,123839,143323,147516,194950,786139,436435,61.8,436347,71.6,421835,73,74761,85.6,373995,53,373954,61.3,364736,63.1,66877,76.6,31413,142407,199977,198,31411,142402,199943,198,31394,142361,190795,186,2220,37747,26886,24,3498,1836,1501,161
07/08/2021,27,DC,1070925,54400,424460,592065,0,151743,175632,185416,1226110,875639,875560,853474,170432,28154,344972,502125,388,9011,4253,3899,859,5405,2354,2354,697,124072,143592,147767,195130,787757,437291,62,437203,71.7,422575,73.2,74845,85.7,374803,53.1,374762,61.5,365450,63.3,66955,76.7,31488,142591,200522,202,31486,142586,200488,202,31469,142545,191246,190,2230,37776,26925,24,3498,1836,1501,161
07/09/2021,27,DC,1071865,54400,425400,592065,0,151876,175786,185578,1227190,877074,876995,854701,170564,28192,345398,503096,388,9011,4253,3899,859,5405,2354,2354,697,124276,143828,147979,195281,789198,437937,62.1,437849,71.8,423126,73.3,74919,85.8,375614,53.2,375572,61.6,366138,63.4,67035,76.7,31531,142866,201014,203,31529,142861,200979,203,31512,142820,191615,191,2234,37812,26965,24,3498,1836,1501,161
07/10/2021,27,DC,1072415,54400,425500,592515,0,151954,175877,185674,1227820,878468,878389,855900,170721,28236,345750,504094,388,9011,4253,3899,859,5405,2354,2354,697,124473,144056,148187,195460,790586,438672,62.2,438583,71.9,423752,73.4,74997,85.9,376261,53.3,376219,61.7,366679,63.5,67107,76.8,31567,143042,201447,205,31565,143037,201412,205,31548,142996,191942,193,2238,37835,27010,24,3498,1836,1501,161
07/11/2021,28,DC,1072415,54400,425500,592515,0,151954,175877,185674,1227820,879711,879632,856968,170809,28277,346038,505008,388,9012,4253,3900,859,5405,2354,2354,697,124649,144260,148372,195561,791736,439258,62.2,439169,72,424247,73.5,75039,85.9,376851,53.4,376809,61.8,367168,63.6,67163,76.9,31612,143179,201855,205,31610,143174,201820,205,31593,143133,192249,193,2243,37848,27048,24,3499,1836,1502,161
07/12/2021,28,DC,1072415,54400,425500,592515,0,151954,175877,185674,1227820,881223,881144,858188,170896,28322,346406,506107,388,9012,4253,3900,859,5405,2354,2354,697,124864,144508,148583,195661,793159,439957,62.3,439868,72.1,424817,73.6,75091,86,377609,53.5,377567,61.9,367779,63.7,67206,76.9,31654,143377,202373,205,31652,143372,202338,205,31635,143331,192620,193,2247,37865,27070,24,3499,1836,1502,161
07/13/2021,28,DC,1072695,54400,425780,592515,0,151994,175923,185722,1228140,881592,881513,858502,170922,28342,346474,506388,388,9012,4253,3900,859,5405,2354,2354,697,124916,144569,148638,195691,793670,440249,62.4,440160,72.2,425057,73.6,75130,86,377840,53.5,377798,62,367975,63.7,67232,77,31671,143441,202523,205,31669,143436,202488,205,31652,143395,192735,193,2248,37880,27080,24,3499,1836,1502,161
07/14/2021,28,DC,1073805,54400,426440,592965,0,152151,176105,185914,1229410,883134,883054,859958,171309,28373,347483,506890,388,9013,4253,3901,859,5406,2354,2355,697,125134,144821,148890,196134,794759,440681,62.4,440592,72.3,425428,73.7,75180,86.1,378286,53.6,378244,62,368376,63.8,67293,77,31704,143619,202757,206,31702,143614,202722,206,31685,143573,192924,194,2250,37914,27105,24,3499,1836,1502,161
07/15/2021,28,DC,1074655,54400,426840,593415,0,152272,176244,186061,1230390,884367,884286,861071,171431,28430,347849,507700,388,9013,4253,3901,859,5406,2354,2355,697,125309,145023,149082,196273,795988,441331,62.5,441240,72.4,425999,73.8,75239,86.1,378875,53.7,378833,62.1,368902,63.9,67360,77.1,31756,143823,203090,206,31754,143818,203055,206,31737,143777,193194,194,2253,37944,27139,24,3499,1836,1502,161
07/16/2021,28,DC,1075835,54400,427120,594315,0,152439,176438,186266,1231740,885481,885400,862074,171555,28501,348187,508405,388,9013,4253,3901,859,5406,2354,2355,697,125467,145206,149256,196415,797139,441958,62.6,441867,72.5,426543,73.8,75291,86.2,379400,53.8,379357,62.2,369367,64,67419,77.2,31814,143997,203382,207,31812,143992,203346,207,31795,143951,193426,195,2259,37976,27160,24,3499,1836,1502,161
07/17/2021,28,DC,1077035,54400,428320,594315,0,152609,176634,186473,1233110,888007,887925,864366,171850,28612,349347,509660,388,9013,4253,3901,859,5406,2354,2355,697,125825,145620,149653,196753,799466,443453,62.8,443360,72.7,427883,74.1,75450,86.4,380259,53.9,380216,62.4,370129,64.1,67520,77.3,31907,144322,203823,207,31905,144317,203787,207,31888,144274,193772,195,2268,38029,27199,24,3499,1836,1502,161
07/18/2021,29,DC,1077035,54400,428320,594315,0,152609,176634,186473,1233110,889294,889212,865460,171958,28651,349670,510585,388,9032,4260,3913,859,5425,2361,2367,697,126007,145831,149842,196877,800697,444071,62.9,443977,72.8,428386,74.2,75496,86.4,380896,54,380852,62.5,370686,64.2,67568,77.4,31958,144471,204259,208,31956,144466,204222,208,31939,144423,194128,196,2273,38045,27226,24,3499,1836,1502,161
07/19/2021,29,DC,1077035,54400,428320,594315,0,152609,176634,186473,1233110,890364,890281,866322,172020,28694,349961,511321,388,9032,4260,3913,859,5425,2361,2367,697,126159,146007,149991,196948,801770,444624,63,444530,72.9,428831,74.2,75532,86.5,381465,54.1,381421,62.6,371158,64.3,67601,77.4,32011,144645,204599,210,32009,144640,204562,210,31992,144596,194372,198,2276,38055,27246,24,3499,1836,1502,161
07/20/2021,29,DC,1078525,54400,428460,595665,0,152820,176879,186731,1234820,889244,889166,865124,171782,28700,349248,510908,388,9032,4260,3913,859,5425,2361,2367,697,126000,145824,149784,196675,800754,444270,63,444177,72.8,428415,74.2,75372,86.3,381131,54,381090,62.5,370787,64.2,67545,77.3,32030,144455,204436,210,32028,144449,204403,210,32011,144405,194173,198,2276,38055,27190,24,3499,1836,1502,161
07/21/2021,29,DC,1080745,54400,428880,597465,0,153134,177243,187116,1237360,890228,890149,866021,171877,28711,349562,511562,393,9032,4260,3913,859,5425,2361,2367,697,126139,145985,149939,196784,801799,444846,63,444752,72.9,428920,74.3,75424,86.4,381538,54.1,381497,62.6,371148,64.3,67600,77.4,32046,144580,204700,212,32044,144574,204667,212,32027,144530,194391,200,2278,38077,27221,24,3499,1836,1502,161
