county,todays_date,hospitalized_covid_confirmed_patients,hospitalized_suspected_covid_patients,hospitalized_covid_patients,all_hospital_beds,icu_covid_confirmed_patients,icu_suspected_covid_patients,icu_available_beds
Los Angeles,2020-03-29T00:00:00,489,1132,0,0,191,182,345
Los Angeles,2020-03-30T00:00:00,601,1277,0,0,245,244,456
Los Angeles,2020-03-31T00:00:00,713,1239,0,0,315,239,445
Los Angeles,2020-04-01T00:00:00,739,1332,0,0,335,220,492
Los Angeles,2020-04-02T00:00:00,818,1270,0,0,346,193,488
Los Angeles,2020-04-03T00:00:00,962,1239,0,0,422,209,473
Los Angeles,2020-04-04T00:00:00,1007,1190,0,0,449,181,537
Los Angeles,2020-04-05T00:00:00,1094,1082,0,0,473,166,554
Los Angeles,2020-04-06T00:00:00,1166,1070,0,0,486,175,587
Los Angeles,2020-04-07T00:00:00,1251,1350,0,0,517,162,603
Los Angeles,2020-04-08T00:00:00,1331,1077,0,0,532,211,582
Los Angeles,2020-04-09T00:00:00,1368,758,0,0,541,156,569
Los Angeles,2020-04-10T00:00:00,1299,754,0,0,514,142,663
Los Angeles,2020-04-11T00:00:00,1362,905,0,0,555,135,595
Los Angeles,2020-04-12T00:00:00,1433,715,0,0,559,144,564
Los Angeles,2020-04-13T00:00:00,1501,793,0,0,570,150,632
Los Angeles,2020-04-14T00:00:00,1587,613,0,0,588,115,614
Los Angeles,2020-04-15T00:00:00,1624,632,0,0,600,139,566
Los Angeles,2020-04-16T00:00:00,1679,620,0,0,594,108,608
Los Angeles,2020-04-17T00:00:00,1720,634,0,0,594,105,593
Los Angeles,2020-04-18T00:00:00,1709,578,0,0,586,110,579
Los Angeles,2020-04-19T00:00:00,1739,549,0,0,595,115,577
Los Angeles,2020-04-20T00:00:00,1791,602,0,0,625,93,607
Los Angeles,2020-04-21T00:00:00,1854,617,2471,13663,613,111,941
Los Angeles,2020-04-22T00:00:00,1858,590,2448,17405,602,125,1215
Los Angeles,2020-04-23T00:00:00,1863,595,2458,21107,600,118,1263
Los Angeles,2020-04-24T00:00:00,1860,546,2406,20782,600,87,1378
Los Angeles,2020-04-25T00:00:00,1845,572,2417,20233,579,99,1359
Los Angeles,2020-04-26T00:00:00,1887,575,2462,20162,588,122,1262
Los Angeles,2020-04-27T00:00:00,1940,609,2549,20205,592,117,1226
Los Angeles,2020-04-28T00:00:00,1962,581,2543,20337,597,130,1209
Los Angeles,2020-04-29T00:00:00,1959,591,2550,20960,602,97,1167
Los Angeles,2020-04-30T00:00:00,1894,470,2364,18236,591,93,1235
Los Angeles,2020-05-01T00:00:00,1884,511,2395,18549,606,98,1185
Los Angeles,2020-05-02T00:00:00,1819,561,2380,21176,599,105,1185
Los Angeles,2020-05-03T00:00:00,1779,520,2299,21621,599,95,1178
Los Angeles,2020-05-04T00:00:00,1828,543,2371,22298,581,95,1166
Los Angeles,2020-05-05T00:00:00,1826,544,2370,22079,571,110,1164
Los Angeles,2020-05-06T00:00:00,1790,502,2292,23573,558,99,1206
Los Angeles,2020-05-07T00:00:00,1771,552,2323,23461,548,90,1220
Los Angeles,2020-05-08T00:00:00,1766,510,2276,23900,535,82,1181
Los Angeles,2020-05-09T00:00:00,1690,531,2221,23877,493,82,1213
Los Angeles,2020-05-10T00:00:00,1731,539,2270,23858,498,90,1253
Los Angeles,2020-05-11T00:00:00,1763,547,2310,23866,498,86,1242
Los Angeles,2020-05-12T00:00:00,1742,506,2248,23941,499,84,1267
Los Angeles,2020-05-13T00:00:00,1733,618,2351,23951,504,83,1253
Los Angeles,2020-05-14T00:00:00,1648,559,2207,23919,480,101,1230
Los Angeles,2020-05-15T00:00:00,1648,553,2201,23901,481,90,1229
Los Angeles,2020-05-16T00:00:00,1570,516,2086,23918,483,80,1207
Los Angeles,2020-05-17T00:00:00,1549,558,2107,23854,478,97,1233
Los Angeles,2020-05-18T00:00:00,1531,520,2051,23910,483,87,1221
Los Angeles,2020-05-19T00:00:00,1517,619,2136,23675,466,94,1216
Los Angeles,2020-05-20T00:00:00,1506,561,2067,23670,452,87,1253
Los Angeles,2020-05-21T00:00:00,1491,614,2105,23620,461,95,1199
Los Angeles,2020-05-22T00:00:00,1490,565,2055,23628,470,102,1187
Los Angeles,2020-05-23T00:00:00,1440,566,2006,23605,462,104,1257
Los Angeles,2020-05-24T00:00:00,1443,547,1990,23608,448,101,1227
Los Angeles,2020-05-25T00:00:00,1477,564,2041,23620,465,94,1453
Los Angeles,2020-05-26T00:00:00,1477,610,2087,23592,464,103,1449
Los Angeles,2020-05-27T00:00:00,1462,628,2090,23626,464,90,1275
Los Angeles,2020-05-28T00:00:00,1415,639,2054,23608,458,112,1275
Los Angeles,2020-05-29T00:00:00,1402,570,1972,23642,446,103,1258
Los Angeles,2020-05-30T00:00:00,1357,577,1934,23636,440,100,1288
Los Angeles,2020-05-31T00:00:00,1389,519,1908,23606,416,95,1316
Los Angeles,2020-06-01T00:00:00,1422,596,2018,23614,425,105,1305
Los Angeles,2020-06-02T00:00:00,1457,570,2027,23620,439,85,1276
Los Angeles,2020-06-03T00:00:00,1488,502,1990,23607,435,78,1239
Los Angeles,2020-06-04T00:00:00,1462,586,2048,23715,453,99,1249
Los Angeles,2020-06-05T00:00:00,1451,547,1998,23507,439,109,1210
Los Angeles,2020-06-06T00:00:00,1399,582,1981,23617,418,88,1233
Los Angeles,2020-06-07T00:00:00,1453,558,2011,23659,428,91,1247
Los Angeles,2020-06-08T00:00:00,1458,595,2053,23736,426,95,1301
Los Angeles,2020-06-09T00:00:00,1416,695,2111,23627,410,97,1258
Los Angeles,2020-06-10T00:00:00,1389,564,1953,23634,403,109,1258
Los Angeles,2020-06-11T00:00:00,1397,576,1973,23666,415,97,1220
Los Angeles,2020-06-12T00:00:00,1383,487,1870,23655,414,78,1228
Los Angeles,2020-06-13T00:00:00,1285,483,1768,23688,399,84,1262
Los Angeles,2020-06-14T00:00:00,1288,509,1797,23703,397,80,1283
Los Angeles,2020-06-15T00:00:00,1420,536,1956,23659,404,88,1333
Los Angeles,2020-06-16T00:00:00,1429,518,1947,23667,412,87,1175
Los Angeles,2020-06-17T00:00:00,1446,512,1958,23646,414,61,1151
Los Angeles,2020-06-18T00:00:00,1406,494,1900,23644,403,88,1195
Los Angeles,2020-06-19T00:00:00,1426,494,1920,23649,408,73,1197
Los Angeles,2020-06-20T00:00:00,1453,516,1969,23631,408,87,1276
Los Angeles,2020-06-21T00:00:00,1515,486,2001,23624,412,80,1316
Los Angeles,2020-06-22T00:00:00,1556,534,2090,23612,406,76,1398
Los Angeles,2020-06-23T00:00:00,1633,626,2259,23601,416,100,1301
Los Angeles,2020-06-24T00:00:00,1676,607,2283,23580,430,93,1259
Los Angeles,2020-06-25T00:00:00,1698,539,2237,23520,440,78,1234
Los Angeles,2020-06-26T00:00:00,1717,579,2296,23565,446,79,1289
Los Angeles,2020-06-27T00:00:00,1710,606,2316,23683,443,80,1244
Los Angeles,2020-06-28T00:00:00,1783,682,2465,23562,469,97,1320
Los Angeles,2020-06-29T00:00:00,1889,622,2511,23622,504,91,1239
Los Angeles,2020-06-30T00:00:00,1893,645,2538,23639,526,102,1170
Los Angeles,2020-07-01T00:00:00,1937,643,2580,21731,537,95,1092
Los Angeles,2020-07-02T00:00:00,1933,679,2612,23057,546,86,1153
Los Angeles,2020-07-03T00:00:00,1947,696,2643,23965,549,101,1189
Los Angeles,2020-07-04T00:00:00,1921,653,2574,23943,540,84,1336
Los Angeles,2020-07-05T00:00:00,1969,676,2645,23936,527,102,1295
Los Angeles,2020-07-06T00:00:00,2004,666,2670,23927,529,103,1334
Los Angeles,2020-07-07T00:00:00,2037,792,2829,23880,522,108,1368
Los Angeles,2020-07-08T00:00:00,1995,822,2817,23875,524,101,1311
Los Angeles,2020-07-09T00:00:00,2032,817,2849,23906,548,107,1368
Los Angeles,2020-07-10T00:00:00,2093,684,2777,23901,547,84,1327
Los Angeles,2020-07-11T00:00:00,2056,713,2769,23980,566,84,1352
Los Angeles,2020-07-12T00:00:00,2103,670,2773,23868,565,78,1502
Los Angeles,2020-07-13T00:00:00,2193,612,2805,23866,576,92,1367
Los Angeles,2020-07-14T00:00:00,2173,726,2899,23862,579,96,1297
Los Angeles,2020-07-15T00:00:00,2122,729,2851,23884,557,100,1322
Los Angeles,2020-07-16T00:00:00,2188,719,2907,23989,604,93,1325
Los Angeles,2020-07-17T00:00:00,2216,660,2876,23968,571,73,1380
Los Angeles,2020-07-18T00:00:00,2232,608,2840,23972,585,81,1398
Los Angeles,2020-07-19T00:00:00,2218,616,2834,23943,577,93,1443
Los Angeles,2020-07-20T00:00:00,2207,670,2877,23351,594,90,1412
Los Angeles,2020-07-21T00:00:00,2210,620,2830,23798,623,94,1252
Los Angeles,2020-07-22T00:00:00,1928,542,2470,16107,556,82,827
Los Angeles,2020-07-23T00:00:00,2016,582,2598,16525,595,75,830
Los Angeles,2020-07-24T00:00:00,2033,595,2628,17054,622,81,846
Los Angeles,2020-07-25T00:00:00,2017,535,2552,18946,582,89,930
Los Angeles,2020-07-26T00:00:00,2051,570,2621,19906,596,81,912
Los Angeles,2020-07-27T00:00:00,2045,554,2599,18716,576,93,901
Los Angeles,2020-07-28T00:00:00,2022,575,2597,20025,550,71,918
Los Angeles,2020-07-29T00:00:00,2002,566,2568,20193,578,57,877
Los Angeles,2020-07-30T00:00:00,1904,553,2457,20167,569,58,872
Los Angeles,2020-07-31T00:00:00,1856,516,2372,20401,575,53,864
Los Angeles,2020-08-01T00:00:00,1784,557,2341,19238,544,61,908
Los Angeles,2020-08-02T00:00:00,1757,506,2263,19088,545,55,952
Los Angeles,2020-08-03T00:00:00,1768,541,2309,19242,537,68,915
Los Angeles,2020-08-04T00:00:00,1741,556,2297,19053,508,57,887
Los Angeles,2020-08-05T00:00:00,1680,602,2282,19541,502,81,865
Los Angeles,2020-08-06T00:00:00,1610,581,2191,19413,499,73,836
Los Angeles,2020-08-07T00:00:00,1568,478,2046,18941,519,64,814
Los Angeles,2020-08-08T00:00:00,1514,513,2027,19208,476,66,820
Los Angeles,2020-08-09T00:00:00,1524,468,1992,19199,490,59,819
Los Angeles,2020-08-10T00:00:00,1538,446,1984,19164,493,58,850
Los Angeles,2020-08-11T00:00:00,1481,470,1951,19342,481,66,871
Los Angeles,2020-08-12T00:00:00,1415,472,1887,19364,460,56,842
Los Angeles,2020-08-13T00:00:00,1393,520,1913,19575,456,72,977
Los Angeles,2020-08-14T00:00:00,1357,556,1913,19573,441,75,865
Los Angeles,2020-08-15T00:00:00,1341,573,1914,19553,442,85,837
Los Angeles,2020-08-16T00:00:00,1352,555,1907,19678,436,85,881
Los Angeles,2020-08-17T00:00:00,1378,518,1896,19489,435,69,854
Los Angeles,2020-08-18T00:00:00,1378,591,1969,19641,433,55,864
Los Angeles,2020-08-19T00:00:00,1347,551,1898,19790,428,53,852
Los Angeles,2020-08-20T00:00:00,1280,509,1789,19794,420,58,823
Los Angeles,2020-08-21T00:00:00,1247,479,1726,20155,412,54,817
Los Angeles,2020-08-22T00:00:00,1219,482,1701,19781,389,55,856
Los Angeles,2020-08-23T00:00:00,1200,467,1667,19582,375,59,892
Los Angeles,2020-08-24T00:00:00,1186,450,1636,19226,373,53,917
Los Angeles,2020-08-25T00:00:00,1168,517,1685,19881,375,49,894
Los Angeles,2020-08-26T00:00:00,1168,466,1634,20280,364,53,893
Los Angeles,2020-08-27T00:00:00,1116,449,1565,20182,356,46,889
Los Angeles,2020-08-28T00:00:00,1089,423,1512,19935,344,53,881
Los Angeles,2020-08-29T00:00:00,1043,415,1458,19773,345,44,862
Los Angeles,2020-08-30T00:00:00,1057,386,1443,19714,345,53,934
Los Angeles,2020-08-31T00:00:00,1048,415,1463,19746,321,62,954
Los Angeles,2020-09-01T00:00:00,1062,426,1488,19849,320,52,933
Los Angeles,2020-09-02T00:00:00,992,386,1378,19805,296,49,919
Los Angeles,2020-09-03T00:00:00,984,362,1346,19780,310,51,913
Los Angeles,2020-09-04T00:00:00,966,355,1321,19804,305,52,907
Los Angeles,2020-09-05T00:00:00,943,361,1304,19813,305,43,926
Los Angeles,2020-09-06T00:00:00,942,372,1314,19715,312,40,929
Los Angeles,2020-09-07T00:00:00,936,414,1350,19650,308,48,954
Los Angeles,2020-09-08T00:00:00,940,415,1355,19839,307,53,995
Los Angeles,2020-09-09T00:00:00,889,365,1254,19917,290,51,957
Los Angeles,2020-09-10T00:00:00,877,342,1219,19990,301,49,924
Los Angeles,2020-09-11T00:00:00,813,345,1158,20020,275,59,942
Los Angeles,2020-09-12T00:00:00,775,375,1150,19884,261,47,971
Los Angeles,2020-09-13T00:00:00,772,330,1102,19838,258,40,1010
Los Angeles,2020-09-14T00:00:00,804,343,1147,19858,244,56,1023
Los Angeles,2020-09-15T00:00:00,780,348,1128,20011,238,56,968
Los Angeles,2020-09-16T00:00:00,739,379,1118,20004,232,40,958
Los Angeles,2020-09-17T00:00:00,732,340,1072,20066,228,36,941
Los Angeles,2020-09-18T00:00:00,765,363,1128,20006,227,46,941
Los Angeles,2020-09-19T00:00:00,749,328,1077,19792,207,48,967
Los Angeles,2020-09-20T00:00:00,745,368,1113,19800,207,63,989
Los Angeles,2020-09-21T00:00:00,779,365,1144,19865,222,46,988
Los Angeles,2020-09-22T00:00:00,753,392,1145,20023,212,42,970
Los Angeles,2020-09-23T00:00:00,760,378,1138,20078,216,62,989
Los Angeles,2020-09-24T00:00:00,715,319,1034,20052,207,66,949
Los Angeles,2020-09-25T00:00:00,692,336,1028,20053,200,63,930
Los Angeles,2020-09-26T00:00:00,687,371,1058,19966,206,71,977
Los Angeles,2020-09-27T00:00:00,714,356,1070,19933,205,61,998
Los Angeles,2020-09-28T00:00:00,734,291,1025,19925,207,55,1043
Los Angeles,2020-09-29T00:00:00,746,340,1086,19969,205,49,1013
Los Angeles,2020-09-30T00:00:00,730,371,1101,20001,197,55,996
Los Angeles,2020-10-01T00:00:00,698,371,1069,20041,202,53,989
Los Angeles,2020-10-02T00:00:00,673,324,997,20018,188,48,1001
San Bernardino,2020-09-01T00:00:00,283,66,349,3860,100,7,137
San Bernardino,2020-07-01T00:00:00,428,88,516,4564,151,19,95
San Bernardino,2020-03-29T00:00:00,33,123,0,0,19,20,65
San Bernardino,2020-09-30T00:00:00,165,58,223,3863,45,12,164
San Bernardino,2020-03-30T00:00:00,67,179,0,0,27,33,66
San Bernardino,2020-08-27T00:00:00,306,55,361,3862,107,7,148
San Bernardino,2020-09-22T00:00:00,162,72,234,3861,46,12,186
San Bernardino,2020-03-31T00:00:00,82,231,0,0,33,48,63
San Bernardino,2020-08-02T00:00:00,575,67,642,3899,193,5,116
San Bernardino,2020-09-19T00:00:00,167,54,221,3800,45,11,169
San Bernardino,2020-04-01T00:00:00,95,196,0,0,39,52,34
San Bernardino,2020-09-12T00:00:00,190,36,226,3800,66,2,170
San Bernardino,2020-04-02T00:00:00,126,185,0,0,50,45,37
San Bernardino,2020-07-02T00:00:00,438,91,529,4793,156,13,85
San Bernardino,2020-07-03T00:00:00,451,88,539,4834,155,14,87
San Bernardino,2020-06-08T00:00:00,197,54,251,4821,74,12,156
San Bernardino,2020-04-03T00:00:00,118,204,0,0,44,53,57
San Bernardino,2020-06-16T00:00:00,229,64,293,4821,77,13,156
San Bernardino,2020-04-04T00:00:00,138,254,0,0,51,66,67
San Bernardino,2020-07-04T00:00:00,461,96,557,4834,158,16,117
San Bernardino,2020-08-03T00:00:00,561,76,637,3822,188,10,126
San Bernardino,2020-04-05T00:00:00,146,240,0,0,59,54,70
San Bernardino,2020-08-25T00:00:00,321,59,380,3869,100,6,169
San Bernardino,2020-09-02T00:00:00,264,59,323,3851,92,9,134
San Bernardino,2020-06-17T00:00:00,233,64,297,4821,76,12,146
San Bernardino,2020-09-26T00:00:00,152,44,196,3825,47,4,159
San Bernardino,2020-04-06T00:00:00,148,185,0,0,60,43,102
San Bernardino,2020-09-03T00:00:00,252,43,295,3878,89,4,138
San Bernardino,2020-04-07T00:00:00,146,178,0,0,54,49,126
San Bernardino,2020-08-04T00:00:00,541,58,599,3810,174,6,131
San Bernardino,2020-04-08T00:00:00,132,301,0,0,51,53,144
San Bernardino,2020-07-05T00:00:00,484,81,565,4834,164,11,112
San Bernardino,2020-08-23T00:00:00,356,71,427,3841,98,5,176
San Bernardino,2020-05-31T00:00:00,136,73,209,4821,53,10,205
San Bernardino,2020-04-09T00:00:00,136,269,0,0,56,41,143
San Bernardino,2020-07-06T00:00:00,501,73,574,4834,160,10,129
San Bernardino,2020-08-05T00:00:00,541,76,617,3783,170,7,128
San Bernardino,2020-04-10T00:00:00,156,295,0,0,66,58,134
San Bernardino,2020-06-18T00:00:00,253,60,313,4821,87,8,156
San Bernardino,2020-09-21T00:00:00,164,71,235,3849,46,12,172
San Bernardino,2020-04-11T00:00:00,153,213,0,0,57,42,117
San Bernardino,2020-07-07T00:00:00,511,68,579,4832,166,9,160
San Bernardino,2020-09-04T00:00:00,239,44,283,3864,87,7,167
San Bernardino,2020-08-06T00:00:00,530,71,601,3791,169,6,123
San Bernardino,2020-04-12T00:00:00,157,172,0,0,63,36,108
San Bernardino,2020-04-13T00:00:00,167,155,0,0,60,24,135
San Bernardino,2020-07-08T00:00:00,505,94,599,4838,148,5,162
San Bernardino,2020-06-09T00:00:00,205,71,276,4821,76,18,136
San Bernardino,2020-04-14T00:00:00,166,149,0,0,59,43,117
San Bernardino,2020-06-19T00:00:00,261,57,318,4821,90,9,147
San Bernardino,2020-09-13T00:00:00,183,34,217,3795,65,4,139
San Bernardino,2020-08-07T00:00:00,493,60,553,3786,157,8,136
San Bernardino,2020-04-15T00:00:00,149,109,0,0,65,39,61
San Bernardino,2020-07-09T00:00:00,522,78,600,4838,160,6,165
San Bernardino,2020-09-23T00:00:00,160,52,212,3848,49,7,180
San Bernardino,2020-04-16T00:00:00,164,124,0,0,60,25,83
San Bernardino,2020-08-28T00:00:00,305,49,354,3851,111,4,159
San Bernardino,2020-07-10T00:00:00,558,84,642,4838,157,10,197
San Bernardino,2020-09-14T00:00:00,186,53,239,3828,63,2,148
San Bernardino,2020-04-17T00:00:00,165,123,0,0,62,29,82
San Bernardino,2020-08-29T00:00:00,292,42,334,3828,103,5,167
San Bernardino,2020-06-20T00:00:00,252,78,330,4821,94,5,149
San Bernardino,2020-04-18T00:00:00,161,108,0,0,61,22,107
San Bernardino,2020-04-19T00:00:00,158,97,0,0,62,17,107
San Bernardino,2020-07-11T00:00:00,564,88,652,4838,165,11,145
San Bernardino,2020-10-01T00:00:00,173,47,220,3861,43,6,163
San Bernardino,2020-04-20T00:00:00,152,200,0,0,60,28,150
San Bernardino,2020-06-04T00:00:00,168,70,238,4821,66,15,169
San Bernardino,2020-08-08T00:00:00,485,69,554,3755,153,8,137
San Bernardino,2020-09-05T00:00:00,243,39,282,3822,86,4,156
San Bernardino,2020-07-12T00:00:00,587,82,669,4838,166,12,177
San Bernardino,2020-04-21T00:00:00,153,204,357,2714,51,36,142
San Bernardino,2020-06-21T00:00:00,270,74,344,4821,97,11,159
San Bernardino,2020-08-24T00:00:00,335,67,402,3914,109,5,184
San Bernardino,2020-04-22T00:00:00,149,201,345,3830,54,32,167
San Bernardino,2020-04-23T00:00:00,146,94,240,4516,54,19,175
San Bernardino,2020-07-13T00:00:00,616,64,680,4838,174,5,168
San Bernardino,2020-08-09T00:00:00,486,67,553,3742,152,6,155
San Bernardino,2020-04-24T00:00:00,152,101,253,4516,57,16,250
San Bernardino,2020-07-14T00:00:00,603,73,676,4838,174,5,158
San Bernardino,2020-09-15T00:00:00,180,57,237,3845,55,6,144
San Bernardino,2020-09-24T00:00:00,152,42,194,3841,50,8,153
San Bernardino,2020-04-25T00:00:00,147,101,248,4496,53,14,277
San Bernardino,2020-08-10T00:00:00,468,81,549,3769,152,8,149
San Bernardino,2020-04-26T00:00:00,146,83,229,4496,50,20,201
San Bernardino,2020-06-10T00:00:00,171,76,247,4821,75,17,132
San Bernardino,2020-07-15T00:00:00,589,67,656,4766,176,6,148
San Bernardino,2020-08-11T00:00:00,472,56,528,3903,162,11,139
San Bernardino,2020-04-27T00:00:00,154,83,237,4556,49,18,183
San Bernardino,2020-06-05T00:00:00,180,63,243,4821,61,14,140
San Bernardino,2020-09-06T00:00:00,228,39,267,3785,89,4,151
San Bernardino,2020-04-28T00:00:00,156,123,279,4556,51,31,179
San Bernardino,2020-06-22T00:00:00,301,84,385,4821,109,14,128
San Bernardino,2020-07-16T00:00:00,600,76,676,4766,180,8,143
San Bernardino,2020-06-02T00:00:00,156,70,226,4821,63,13,189
San Bernardino,2020-04-29T00:00:00,156,124,280,4556,56,23,162
San Bernardino,2020-04-30T00:00:00,158,100,258,3738,58,17,184
San Bernardino,2020-09-20T00:00:00,156,62,218,3803,49,13,175
San Bernardino,2020-07-17T00:00:00,625,55,680,4766,174,7,149
San Bernardino,2020-05-01T00:00:00,157,106,263,3738,55,15,138
San Bernardino,2020-06-11T00:00:00,194,77,271,4821,73,16,133
San Bernardino,2020-09-07T00:00:00,224,42,266,3811,85,5,162
San Bernardino,2020-06-23T00:00:00,311,130,441,4821,111,22,130
San Bernardino,2020-05-02T00:00:00,144,116,260,4419,55,22,126
San Bernardino,2020-08-12T00:00:00,468,81,549,3962,159,12,137
San Bernardino,2020-07-18T00:00:00,611,88,699,4766,183,11,156
San Bernardino,2020-07-19T00:00:00,613,61,674,4766,194,6,169
San Bernardino,2020-05-03T00:00:00,154,100,254,4419,59,16,135
San Bernardino,2020-06-24T00:00:00,331,101,432,4821,113,12,131
San Bernardino,2020-05-04T00:00:00,156,103,259,4564,58,11,146
San Bernardino,2020-09-16T00:00:00,186,59,245,3844,58,9,145
San Bernardino,2020-08-22T00:00:00,351,68,419,3855,109,9,157
San Bernardino,2020-05-05T00:00:00,155,105,260,4564,58,20,139
San Bernardino,2020-08-13T00:00:00,481,70,551,3947,155,7,152
San Bernardino,2020-07-20T00:00:00,607,69,676,4766,190,5,178
San Bernardino,2020-05-06T00:00:00,167,69,236,4564,51,14,157
San Bernardino,2020-08-14T00:00:00,475,61,536,3769,145,13,141
San Bernardino,2020-05-07T00:00:00,153,73,226,4564,51,12,165
San Bernardino,2020-08-30T00:00:00,283,54,337,3808,99,7,149
San Bernardino,2020-06-03T00:00:00,157,75,232,4821,67,18,178
San Bernardino,2020-07-21T00:00:00,606,118,724,4766,181,13,157
San Bernardino,2020-05-08T00:00:00,142,78,220,4821,52,11,166
San Bernardino,2020-06-12T00:00:00,205,78,283,4821,77,16,138
San Bernardino,2020-06-25T00:00:00,338,98,436,4821,116,11,119
San Bernardino,2020-09-08T00:00:00,214,61,275,3814,84,5,172
San Bernardino,2020-05-09T00:00:00,145,86,231,4821,55,13,171
San Bernardino,2020-08-15T00:00:00,445,96,541,3781,134,18,148
San Bernardino,2020-08-26T00:00:00,318,49,367,3893,102,4,159
San Bernardino,2020-05-10T00:00:00,144,83,227,4821,53,12,188
San Bernardino,2020-07-22T00:00:00,586,102,688,3268,197,15,185
San Bernardino,2020-06-13T00:00:00,204,81,285,4821,83,18,129
San Bernardino,2020-05-11T00:00:00,152,66,218,4821,53,12,178
San Bernardino,2020-05-12T00:00:00,148,49,197,4821,48,10,180
San Bernardino,2020-09-25T00:00:00,148,50,198,3858,47,6,150
San Bernardino,2020-07-23T00:00:00,600,104,704,3525,187,14,172
San Bernardino,2020-05-13T00:00:00,133,90,223,4821,49,10,153
San Bernardino,2020-08-16T00:00:00,437,90,527,3764,130,18,149
San Bernardino,2020-07-24T00:00:00,607,108,715,3889,177,15,159
San Bernardino,2020-05-14T00:00:00,132,97,229,4821,47,15,182
San Bernardino,2020-09-09T00:00:00,210,60,270,3836,81,6,161
San Bernardino,2020-06-26T00:00:00,349,97,446,4821,122,11,115
San Bernardino,2020-05-15T00:00:00,125,69,194,4821,51,14,168
San Bernardino,2020-06-06T00:00:00,195,59,254,4821,69,15,147
San Bernardino,2020-08-17T00:00:00,441,80,521,3851,130,16,138
San Bernardino,2020-07-25T00:00:00,638,100,738,4509,195,10,131
San Bernardino,2020-05-16T00:00:00,122,79,201,4821,54,13,145
San Bernardino,2020-09-17T00:00:00,172,51,223,3832,55,8,146
San Bernardino,2020-10-02T00:00:00,164,48,212,3839,41,5,165
San Bernardino,2020-06-27T00:00:00,353,79,432,4821,130,9,124
San Bernardino,2020-05-17T00:00:00,129,81,210,4821,52,15,184
San Bernardino,2020-09-27T00:00:00,160,50,210,3812,47,5,171
San Bernardino,2020-05-18T00:00:00,140,81,221,4821,52,14,197
San Bernardino,2020-07-26T00:00:00,609,104,713,4522,195,8,136
San Bernardino,2020-08-31T00:00:00,292,63,355,3843,98,7,168
San Bernardino,2020-05-19T00:00:00,134,76,210,4821,55,20,206
San Bernardino,2020-07-27T00:00:00,595,93,688,4516,179,14,210
San Bernardino,2020-05-20T00:00:00,127,89,216,4821,51,14,213
San Bernardino,2020-06-28T00:00:00,376,83,459,4821,135,12,124
San Bernardino,2020-08-18T00:00:00,440,89,529,3870,125,12,148
San Bernardino,2020-05-21T00:00:00,131,93,224,4821,47,16,225
San Bernardino,2020-06-07T00:00:00,164,57,221,4821,72,11,158
San Bernardino,2020-09-28T00:00:00,165,58,223,3831,48,8,173
San Bernardino,2020-05-22T00:00:00,125,101,226,4821,44,11,218
San Bernardino,2020-06-29T00:00:00,393,85,478,4821,138,10,140
San Bernardino,2020-09-10T00:00:00,205,54,259,3848,74,4,156
San Bernardino,2020-08-19T00:00:00,418,82,500,3862,123,7,146
San Bernardino,2020-05-23T00:00:00,134,100,234,4821,47,15,207
San Bernardino,2020-07-28T00:00:00,608,102,710,4688,180,12,190
San Bernardino,2020-07-29T00:00:00,562,88,650,4566,176,16,165
San Bernardino,2020-05-24T00:00:00,139,103,242,4821,48,22,196
San Bernardino,2020-06-14T00:00:00,206,89,295,4821,77,18,140
San Bernardino,2020-08-20T00:00:00,386,75,461,3878,116,11,137
San Bernardino,2020-05-25T00:00:00,138,116,254,4821,48,23,245
San Bernardino,2020-06-15T00:00:00,221,74,295,4821,77,18,149
San Bernardino,2020-06-01T00:00:00,148,69,217,4821,62,17,186
San Bernardino,2020-09-18T00:00:00,169,47,216,3832,50,10,156
San Bernardino,2020-05-26T00:00:00,154,125,279,4821,57,19,237
San Bernardino,2020-05-27T00:00:00,159,101,260,4821,54,19,222
San Bernardino,2020-07-30T00:00:00,596,81,677,4530,187,10,111
San Bernardino,2020-06-30T00:00:00,406,85,491,4821,142,21,120
San Bernardino,2020-09-29T00:00:00,170,55,225,3845,45,9,160
San Bernardino,2020-05-28T00:00:00,156,87,243,4821,53,17,186
San Bernardino,2020-07-31T00:00:00,568,82,650,4442,184,8,117
San Bernardino,2020-09-11T00:00:00,201,49,250,3846,67,10,149
San Bernardino,2020-05-29T00:00:00,134,95,229,4821,50,13,164
San Bernardino,2020-08-21T00:00:00,365,81,446,3908,117,10,157
San Bernardino,2020-08-01T00:00:00,567,85,652,3802,186,11,164
San Bernardino,2020-05-30T00:00:00,130,95,225,4821,52,12,203
San Francisco,2020-05-14T00:00:00,56,38,94,2619,20,10,111
San Francisco,2020-05-31T00:00:00,50,19,69,2619,22,4,91
San Francisco,2020-09-28T00:00:00,60,5,65,1828,17,1,88
San Francisco,2020-06-01T00:00:00,45,29,74,2619,18,2,85
San Francisco,2020-06-02T00:00:00,43,28,71,2647,18,8,76
San Francisco,2020-08-23T00:00:00,92,17,109,1823,37,4,69
San Francisco,2020-09-19T00:00:00,58,9,67,1874,18,2,61
San Francisco,2020-06-03T00:00:00,37,34,71,2647,17,4,80
San Francisco,2020-06-04T00:00:00,41,21,62,2647,15,4,87
San Francisco,2020-06-05T00:00:00,42,22,64,2658,14,4,98
San Francisco,2020-08-24T00:00:00,95,22,117,1806,35,3,75
San Francisco,2020-06-06T00:00:00,41,24,65,2658,15,4,98
San Francisco,2020-06-07T00:00:00,34,14,48,2337,13,1,88
San Francisco,2020-06-08T00:00:00,32,11,43,2647,13,2,106
San Francisco,2020-08-25T00:00:00,89,19,108,1837,34,5,72
San Francisco,2020-06-09T00:00:00,37,12,49,2647,13,0,100
San Francisco,2020-06-10T00:00:00,39,11,50,2647,14,0,95
San Francisco,2020-09-20T00:00:00,65,8,73,1859,21,2,62
San Francisco,2020-06-11T00:00:00,38,13,51,2647,14,1,86
San Francisco,2020-06-12T00:00:00,41,11,52,2647,15,1,91
San Francisco,2020-08-26T00:00:00,87,12,99,1868,37,7,54
San Francisco,2020-06-13T00:00:00,41,9,50,2647,14,0,94
San Francisco,2020-06-14T00:00:00,40,9,49,2647,13,2,96
San Francisco,2020-06-15T00:00:00,37,8,45,2647,10,0,94
San Francisco,2020-06-16T00:00:00,34,8,42,2647,8,0,91
San Francisco,2020-08-27T00:00:00,79,12,91,1848,36,5,53
San Francisco,2020-08-28T00:00:00,74,18,92,1868,27,4,58
San Francisco,2020-06-17T00:00:00,35,9,44,2647,8,3,86
San Francisco,2020-06-18T00:00:00,33,12,45,2647,8,2,155
San Francisco,2020-06-19T00:00:00,30,9,39,2647,8,4,151
San Francisco,2020-06-20T00:00:00,32,24,56,2647,10,5,140
San Francisco,2020-06-21T00:00:00,37,7,44,2647,12,1,149
San Francisco,2020-08-29T00:00:00,74,11,85,1839,26,3,52
San Francisco,2020-09-29T00:00:00,61,5,66,1866,16,1,73
San Francisco,2020-06-22T00:00:00,40,7,47,2337,12,2,140
San Francisco,2020-09-21T00:00:00,68,2,70,1837,18,0,75
San Francisco,2020-06-23T00:00:00,45,8,53,2647,16,2,145
San Francisco,2020-06-24T00:00:00,46,9,55,2647,17,3,105
San Francisco,2020-06-25T00:00:00,44,10,54,2647,13,4,104
San Francisco,2020-08-30T00:00:00,70,10,80,1788,28,3,77
San Francisco,2020-09-22T00:00:00,72,8,80,1857,19,3,68
San Francisco,2020-06-26T00:00:00,54,14,68,2647,18,4,89
San Francisco,2020-08-31T00:00:00,74,12,86,1809,26,3,79
San Francisco,2020-06-27T00:00:00,56,16,72,2647,21,4,103
San Francisco,2020-06-28T00:00:00,59,10,69,2647,22,3,103
San Francisco,2020-09-01T00:00:00,77,16,93,1873,24,3,68
San Francisco,2020-06-29T00:00:00,63,16,79,2647,22,4,120
San Francisco,2020-06-30T00:00:00,68,12,80,2647,28,5,113
San Francisco,2020-07-01T00:00:00,71,14,85,2647,31,2,110
San Francisco,2020-07-02T00:00:00,66,16,82,2647,30,1,102
San Francisco,2020-09-02T00:00:00,70,12,82,1854,21,4,61
San Francisco,2020-07-03T00:00:00,70,15,85,2647,27,2,107
San Francisco,2020-07-04T00:00:00,68,14,82,2647,26,1,102
San Francisco,2020-07-05T00:00:00,73,11,84,2647,25,1,122
San Francisco,2020-07-06T00:00:00,68,12,80,2647,27,1,120
San Francisco,2020-09-23T00:00:00,65,9,74,1891,18,5,64
San Francisco,2020-09-03T00:00:00,63,11,74,1848,21,4,58
San Francisco,2020-07-07T00:00:00,72,16,88,2647,25,1,107
San Francisco,2020-07-08T00:00:00,73,15,88,2647,25,3,110
San Francisco,2020-07-09T00:00:00,76,18,94,2647,28,1,109
San Francisco,2020-09-04T00:00:00,58,7,65,1860,23,0,56
San Francisco,2020-07-10T00:00:00,76,21,97,2647,33,1,104
San Francisco,2020-07-11T00:00:00,79,18,97,2647,34,1,112
San Francisco,2020-07-12T00:00:00,80,14,94,2647,34,2,122
San Francisco,2020-09-05T00:00:00,51,6,57,1808,22,0,64
San Francisco,2020-07-13T00:00:00,89,20,109,2647,32,1,126
San Francisco,2020-07-14T00:00:00,90,15,105,2647,31,0,110
San Francisco,2020-07-15T00:00:00,95,13,108,2647,32,0,114
San Francisco,2020-09-06T00:00:00,57,17,74,1772,24,2,69
San Francisco,2020-07-16T00:00:00,90,17,107,2647,27,0,117
San Francisco,2020-09-07T00:00:00,63,15,78,1742,26,1,63
San Francisco,2020-07-17T00:00:00,89,16,105,2647,26,1,112
San Francisco,2020-07-18T00:00:00,91,16,107,2647,29,2,107
San Francisco,2020-09-24T00:00:00,60,9,69,1898,16,5,49
San Francisco,2020-07-19T00:00:00,96,13,109,2647,31,2,113
San Francisco,2020-09-08T00:00:00,64,18,82,1781,25,4,73
San Francisco,2020-07-20T00:00:00,95,10,105,2647,28,1,120
San Francisco,2020-07-21T00:00:00,96,25,121,2505,28,1,115
San Francisco,2020-10-02T00:00:00,55,10,65,1846,16,5,71
San Francisco,2020-07-22T00:00:00,96,17,113,2071,30,1,56
San Francisco,2020-07-23T00:00:00,97,17,114,2272,28,0,100
San Francisco,2020-07-24T00:00:00,95,15,110,2077,26,3,77
San Francisco,2020-09-09T00:00:00,66,18,84,1825,25,4,58
San Francisco,2020-07-25T00:00:00,93,25,118,1987,26,5,79
San Francisco,2020-09-25T00:00:00,61,11,72,1870,20,5,56
San Francisco,2020-07-26T00:00:00,99,18,117,2000,30,6,89
San Francisco,2020-09-10T00:00:00,67,22,89,1839,24,8,58
San Francisco,2020-07-27T00:00:00,101,17,118,1989,34,1,95
San Francisco,2020-07-28T00:00:00,107,16,123,1921,37,2,27
San Francisco,2020-07-29T00:00:00,109,14,123,1991,39,2,44
San Francisco,2020-09-30T00:00:00,64,10,74,1881,15,2,75
San Francisco,2020-07-30T00:00:00,101,18,119,2025,38,1,53
San Francisco,2020-09-11T00:00:00,74,18,92,1831,22,4,67
San Francisco,2020-07-31T00:00:00,102,19,121,2002,36,1,51
San Francisco,2020-08-01T00:00:00,105,14,119,2005,39,1,52
San Francisco,2020-03-29T00:00:00,50,73,0,0,24,10,61
San Francisco,2020-03-30T00:00:00,58,92,0,0,18,7,90
San Francisco,2020-03-31T00:00:00,67,69,0,0,30,14,77
San Francisco,2020-04-01T00:00:00,67,66,0,0,30,8,64
San Francisco,2020-04-02T00:00:00,75,60,0,0,32,11,58
San Francisco,2020-08-02T00:00:00,98,11,109,1992,35,3,51
San Francisco,2020-09-12T00:00:00,72,15,87,1820,20,6,68
San Francisco,2020-04-03T00:00:00,80,71,0,0,39,8,74
San Francisco,2020-04-04T00:00:00,80,65,0,0,37,7,79
San Francisco,2020-04-05T00:00:00,79,68,0,0,37,11,74
San Francisco,2020-08-03T00:00:00,89,15,104,1709,34,2,123
San Francisco,2020-04-06T00:00:00,80,71,0,0,34,9,71
San Francisco,2020-04-07T00:00:00,88,116,0,0,36,9,57
San Francisco,2020-04-08T00:00:00,90,116,0,0,36,17,55
San Francisco,2020-08-04T00:00:00,92,12,104,1772,33,1,69
San Francisco,2020-04-09T00:00:00,88,64,0,0,33,13,45
San Francisco,2020-08-05T00:00:00,80,14,94,1848,30,0,76
San Francisco,2020-04-10T00:00:00,85,46,0,0,32,12,125
San Francisco,2020-09-13T00:00:00,76,18,94,1816,21,5,79
San Francisco,2020-04-11T00:00:00,82,51,0,0,28,13,132
San Francisco,2020-04-12T00:00:00,92,44,0,0,30,7,71
San Francisco,2020-08-06T00:00:00,85,9,94,1820,31,1,60
San Francisco,2020-04-13T00:00:00,89,48,0,0,30,9,61
San Francisco,2020-04-14T00:00:00,87,53,0,0,28,5,69
San Francisco,2020-04-15T00:00:00,87,84,0,0,25,7,76
San Francisco,2020-04-16T00:00:00,84,35,0,0,31,9,64
San Francisco,2020-08-07T00:00:00,79,11,90,1832,30,0,54
San Francisco,2020-04-17T00:00:00,79,36,0,0,28,8,66
San Francisco,2020-09-14T00:00:00,78,12,90,1817,21,5,86
San Francisco,2020-04-18T00:00:00,74,29,0,0,27,7,75
San Francisco,2020-04-19T00:00:00,73,34,0,0,27,10,76
San Francisco,2020-08-08T00:00:00,77,11,88,1800,29,2,63
San Francisco,2020-04-20T00:00:00,79,27,0,0,27,7,73
San Francisco,2020-04-21T00:00:00,76,45,121,738,25,9,79
San Francisco,2020-08-09T00:00:00,82,16,98,1740,31,2,70
San Francisco,2020-09-26T00:00:00,56,8,64,1859,18,3,63
San Francisco,2020-04-22T00:00:00,75,17,92,738,28,3,74
San Francisco,2020-04-23T00:00:00,75,29,104,1173,31,6,70
San Francisco,2020-04-24T00:00:00,75,19,94,1173,30,5,108
San Francisco,2020-04-25T00:00:00,73,18,91,1412,29,3,132
San Francisco,2020-08-10T00:00:00,84,12,96,1747,28,4,76
San Francisco,2020-04-26T00:00:00,79,21,100,1412,31,3,126
San Francisco,2020-04-27T00:00:00,82,19,101,1412,29,3,149
San Francisco,2020-04-28T00:00:00,81,23,104,1412,27,9,132
San Francisco,2020-08-11T00:00:00,88,14,102,1745,31,6,63
San Francisco,2020-04-29T00:00:00,80,24,104,1862,26,6,107
San Francisco,2020-09-15T00:00:00,68,13,81,1880,22,3,80
San Francisco,2020-09-27T00:00:00,54,6,60,1813,18,0,81
San Francisco,2020-04-30T00:00:00,85,11,96,1887,32,1,100
San Francisco,2020-08-12T00:00:00,92,21,113,1804,31,4,53
San Francisco,2020-05-01T00:00:00,86,14,100,1887,32,0,101
San Francisco,2020-05-02T00:00:00,81,27,108,1915,29,7,101
San Francisco,2020-08-13T00:00:00,97,13,110,1777,33,1,59
San Francisco,2020-05-03T00:00:00,83,18,101,1915,30,4,107
San Francisco,2020-05-04T00:00:00,84,10,94,1887,26,0,118
San Francisco,2020-05-05T00:00:00,79,24,103,2619,27,6,101
San Francisco,2020-05-06T00:00:00,76,12,88,2619,26,4,113
San Francisco,2020-10-01T00:00:00,59,9,68,1864,14,2,76
San Francisco,2020-05-07T00:00:00,72,21,93,2619,30,1,78
San Francisco,2020-05-08T00:00:00,71,32,103,2619,28,7,92
San Francisco,2020-08-14T00:00:00,94,13,107,1820,34,1,62
San Francisco,2020-08-15T00:00:00,94,24,118,1782,40,5,51
San Francisco,2020-05-09T00:00:00,68,29,97,2619,28,4,97
San Francisco,2020-05-10T00:00:00,66,25,91,2619,25,9,102
San Francisco,2020-05-11T00:00:00,63,28,91,2619,23,11,107
San Francisco,2020-09-16T00:00:00,64,14,78,1881,20,8,68
San Francisco,2020-05-12T00:00:00,63,27,90,2619,23,4,100
San Francisco,2020-08-16T00:00:00,85,23,108,1740,34,4,62
San Francisco,2020-05-13T00:00:00,57,32,89,2619,24,7,108
San Francisco,2020-09-17T00:00:00,67,19,86,1806,23,7,61
San Francisco,2020-05-30T00:00:00,47,17,64,2619,19,6,78
San Francisco,2020-05-15T00:00:00,56,33,89,2619,19,4,85
San Francisco,2020-05-16T00:00:00,44,30,74,2619,20,4,106
San Francisco,2020-05-17T00:00:00,40,31,71,2619,18,5,101
San Francisco,2020-08-17T00:00:00,83,26,109,1740,35,4,71
San Francisco,2020-05-18T00:00:00,46,33,79,2619,22,9,115
San Francisco,2020-05-19T00:00:00,48,26,74,2619,18,2,114
San Francisco,2020-08-18T00:00:00,96,36,132,1766,37,5,51
San Francisco,2020-05-20T00:00:00,47,32,79,2619,20,7,113
San Francisco,2020-05-21T00:00:00,43,37,80,2619,16,11,103
San Francisco,2020-08-19T00:00:00,95,38,133,1864,39,6,47
San Francisco,2020-05-22T00:00:00,43,29,72,2619,18,11,84
San Francisco,2020-05-23T00:00:00,45,28,73,2619,18,9,83
San Francisco,2020-08-20T00:00:00,106,19,125,1867,41,3,53
San Francisco,2020-05-24T00:00:00,47,41,88,2619,20,10,97
San Francisco,2020-05-25T00:00:00,40,41,81,2619,21,11,100
San Francisco,2020-05-26T00:00:00,40,47,87,2619,20,14,95
San Francisco,2020-05-27T00:00:00,40,42,82,2619,18,9,98
San Francisco,2020-08-21T00:00:00,98,20,118,1856,34,3,59
San Francisco,2020-05-28T00:00:00,49,42,91,2619,20,9,83
San Francisco,2020-09-18T00:00:00,64,12,76,1872,20,4,62
San Francisco,2020-05-29T00:00:00,49,16,65,2619,19,6,88
San Francisco,2020-08-22T00:00:00,90,19,109,1837,34,2,58
