date,state,positive,negative,pending,hospitalizedCurrently,hospitalizedCumulative,inIcuCurrently,inIcuCumulative,onVentilatorCurrently,onVentilatorCumulative,recovered,dataQualityGrade,lastUpdateEt,dateModified,checkTimeEt,death,hospitalized,dateChecked,totalTestsViral,positiveTestsViral,negativeTestsViral,positiveCasesViral,deathConfirmed,deathProbable,totalTestEncountersViral,totalTestsPeopleViral,totalTestsAntibody,positiveTestsAntibody,negativeTestsAntibody,totalTestsPeopleAntibody,positiveTestsPeopleAntibody,negativeTestsPeopleAntibody,totalTestsPeopleAntigen,positiveTestsPeopleAntigen,totalTestsAntigen,positiveTestsAntigen,fips,positiveIncrease,negativeIncrease,total,totalTestResults,totalTestResultsIncrease,posNeg,deathIncrease,hospitalizedIncrease,hash,commercialScore,negativeRegularScore,negativeScore,positiveScore,score,grade
20200820,TX,562559,3984510,NaN,5635,NaN,1979,NaN,NaN,NaN,431960,A,08/20/2020 16:40,2020-08-20T16:40:00Z,08/20 12:40,10793,NaN,2020-08-20T16:40:00Z,4547069,NaN,NaN,562559,NaN,NaN,NaN,NaN,335184,26337,308847,NaN,NaN,NaN,NaN,NaN,18883,2781,48,5303,24577,4547069,4547069,29880,4547069,234,0,0302f7400cc5c4eae3ce539c8b8acedeff96cdc4,0,0,0,0,0,NaN
20200819,TX,557256,3959933,NaN,5974,NaN,2107,NaN,NaN,NaN,424685,A,08/19/2020 17:40,2020-08-19T17:40:00Z,08/19 13:40,10559,NaN,2020-08-19T17:40:00Z,4517189,NaN,NaN,557256,NaN,NaN,NaN,NaN,333355,25995,307360,NaN,NaN,NaN,NaN,NaN,18620,2764,48,7024,9520,4517189,4517189,16544,4517189,309,0,f1946726e9ab0c49e3b6601c818a8d568b293eb5,0,0,0,0,0,NaN
20200818,TX,550232,3950413,NaN,6210,NaN,2179,NaN,NaN,NaN,415903,A,08/18/2020 16:40,2020-08-18T16:40:00Z,08/18 12:40,10250,NaN,2020-08-18T16:40:00Z,4500645,NaN,NaN,550232,NaN,NaN,NaN,NaN,326216,24732,301484,NaN,NaN,NaN,NaN,NaN,18244,2734,48,7282,17196,4500645,4500645,24478,4500645,216,0,e5090e7cb314383364d37d4f47a73704bc34f496,0,0,0,0,0,NaN
20200817,TX,542950,3933217,NaN,6200,NaN,2240,NaN,NaN,NaN,405817,A,08/17/2020 16:55,2020-08-17T16:55:00Z,08/17 12:55,10034,NaN,2020-08-17T16:55:00Z,4476167,NaN,NaN,542950,NaN,NaN,NaN,NaN,322433,23797,298636,NaN,NaN,NaN,NaN,NaN,17887,2694,48,7368,29758,4476167,4476167,37126,4476167,51,0,9dd25052369fb74058ee57123cc60d3210fb20d7,0,0,0,0,0,NaN
20200816,TX,535582,3903459,NaN,6267,NaN,2269,NaN,NaN,NaN,399572,A,08/16/2020 16:50,2020-08-16T16:50:00Z,08/16 12:50,9983,NaN,2020-08-16T16:50:00Z,4439041,NaN,NaN,535582,NaN,NaN,NaN,NaN,318940,23192,295748,NaN,NaN,NaN,NaN,NaN,17011,2591,48,6744,110621,4439041,4439041,117365,4439041,143,0,f752109abc155864b8fcc130cb647287a4068919,0,0,0,0,0,NaN
20200815,TX,528838,3792838,NaN,6481,NaN,2306,NaN,NaN,NaN,393266,A,08/15/2020 16:00,2020-08-15T16:00:00Z,08/15 12:00,9840,NaN,2020-08-15T16:00:00Z,4321676,NaN,NaN,528838,NaN,NaN,NaN,NaN,318938,23192,295746,NaN,NaN,NaN,NaN,NaN,17011,2591,48,8245,31390,4321676,4321676,39635,4321676,238,0,4e2b56cffa6bec1ae32a0f309e56f8cb4ce7a8c8,0,0,0,0,0,NaN
20200814,TX,520593,3761448,NaN,6632,NaN,2380,NaN,NaN,NaN,383717,A,08/14/2020 16:05,2020-08-14T16:05:00Z,08/14 12:05,9602,NaN,2020-08-14T16:05:00Z,4282041,NaN,NaN,520593,NaN,NaN,NaN,NaN,312727,22100,290627,NaN,NaN,NaN,NaN,NaN,17009,2591,48,7018,44260,4282041,4282041,51278,4282041,313,0,c9c3d7bcd7f88ab1a80489cb7ecbee7b8977edb6,0,0,0,0,0,NaN
20200813,TX,513575,3717188,NaN,6879,NaN,2435,NaN,NaN,NaN,375760,A,08/13/2020 17:30,2020-08-13T17:30:00Z,08/13 13:30,9289,NaN,2020-08-13T17:30:00Z,4230763,NaN,NaN,513575,NaN,NaN,NaN,NaN,302012,20800,281212,NaN,NaN,NaN,NaN,NaN,16699,2562,48,6755,117648,4230763,4230763,124403,4230763,255,0,ebd4917e6de0a1d64836d85918e402f6717c35f4,0,0,0,0,0,NaN
20200812,TX,506820,3599540,NaN,7028,NaN,2479,NaN,NaN,NaN,367354,A,08/12/2020 17:05,2020-08-12T17:05:00Z,08/12 13:05,9034,NaN,2020-08-12T17:05:00Z,4106360,NaN,NaN,506820,NaN,NaN,NaN,NaN,299037,20241,278796,NaN,NaN,NaN,NaN,NaN,16409,2536,48,6200,11297,4106360,4106360,17497,4106360,324,0,807b17fe1564e4c79b944cd314f105fcc3d011d5,0,0,0,0,0,NaN
20200811,TX,500620,3588243,NaN,7216,NaN,2495,NaN,NaN,NaN,358312,A,08/11/2020 16:25,2020-08-11T16:25:00Z,08/11 12:25,8710,NaN,2020-08-11T16:25:00Z,4088863,NaN,NaN,500620,NaN,NaN,NaN,NaN,295617,19800,275817,NaN,NaN,NaN,NaN,NaN,15569,2432,48,9803,5399,4088863,4088863,15202,4088863,220,0,50fbe06c61500aad17f62eb1baf0250f3adb3971,0,0,0,0,0,NaN
20200810,TX,490817,3582844,NaN,7304,NaN,2552,NaN,NaN,NaN,349833,A,08/10/2020 18:20,2020-08-10T18:20:00Z,08/10 14:20,8490,NaN,2020-08-10T18:20:00Z,4073661,NaN,NaN,490817,NaN,NaN,NaN,NaN,290944,18924,272020,NaN,NaN,NaN,NaN,NaN,14841,2350,48,4455,43342,4073661,4073661,47797,4073661,31,0,2e310dbe98374def7109a1c53854e485624c0532,0,0,0,0,0,NaN
20200809,TX,486362,3539502,NaN,7437,NaN,2608,NaN,NaN,NaN,344845,A,08/09/2020 16:20,2020-08-09T16:20:00Z,08/09 12:20,8459,NaN,2020-08-09T16:20:00Z,4025864,NaN,NaN,486362,NaN,NaN,NaN,NaN,288928,18561,270367,NaN,NaN,NaN,NaN,NaN,14466,2319,48,4879,8328,4025864,4025864,13207,4025864,116,0,2460e0a107a8b66c350a4ae41714a70e741edb6f,0,0,0,0,0,NaN
20200808,TX,481483,3531174,NaN,7872,NaN,2730,NaN,NaN,NaN,338343,A,08/08/2020 16:35,2020-08-08T16:35:00Z,08/08 12:35,8343,NaN,2020-08-08T16:35:00Z,4012657,NaN,NaN,481483,NaN,NaN,NaN,NaN,280434,16924,263510,NaN,NaN,NaN,NaN,NaN,13887,2227,48,6959,5166,4012657,4012657,12125,4012657,247,0,492e3071d0ad5ef37152407f7e3d053df753fe77,0,0,0,0,0,NaN
20200807,TX,474524,3526008,NaN,8065,NaN,2742,NaN,NaN,NaN,331668,A,08/07/2020 17:45,2020-08-07T17:45:00Z,08/07 13:45,8096,NaN,2020-08-07T17:45:00Z,4000532,NaN,NaN,474524,NaN,NaN,NaN,NaN,276849,15364,261485,NaN,NaN,NaN,NaN,NaN,2206,505,48,7039,49013,4000532,4000532,56052,4000532,293,0,072d3a8dbf490ea5b1d9bb642154f1d3def31c1e,0,0,0,0,0,NaN
20200806,TX,467485,3476995,NaN,8302,NaN,2917,NaN,NaN,NaN,323804,A,08/06/2020 16:15,2020-08-06T16:15:00Z,08/06 12:15,7803,NaN,2020-08-06T16:15:00Z,3944480,NaN,NaN,467485,NaN,NaN,NaN,NaN,276849,15364,261485,NaN,NaN,NaN,NaN,NaN,NaN,NaN,48,7598,28647,3944480,3944480,36245,3944480,306,0,c5606ccd0a64048fc1105483541aa8970180dbed,0,0,0,0,0,NaN
20200805,TX,459887,3448348,NaN,8455,NaN,2917,NaN,NaN,NaN,315652,A,08/05/2020 16:30,2020-08-05T16:30:00Z,08/05 12:30,7497,NaN,2020-08-05T16:30:00Z,3908235,NaN,NaN,459887,NaN,NaN,NaN,NaN,268978,14535,254443,NaN,NaN,NaN,NaN,NaN,NaN,NaN,48,8706,14681,3908235,3908235,23387,3908235,236,0,779516aea62d249325d135defb392a33685db83c,0,0,0,0,0,NaN
20200804,TX,451181,3433667,NaN,8674,NaN,3006,NaN,NaN,NaN,306262,A,08/04/2020 16:45,2020-08-04T16:45:00Z,08/04 12:45,7261,NaN,2020-08-04T16:45:00Z,3884848,NaN,NaN,451181,NaN,NaN,NaN,NaN,258494,13478,245016,NaN,NaN,NaN,NaN,NaN,NaN,NaN,48,9167,41095,3884848,3884848,50262,3884848,245,0,86a2044c9d533a86895628d0e2230623ebfa748c,0,0,0,0,0,NaN
20200803,TX,442014,3392572,NaN,8819,NaN,3045,NaN,NaN,NaN,297422,A,08/03/2020 16:20,2020-08-03T16:20:00Z,08/03 12:20,7016,NaN,2020-08-03T16:20:00Z,3834586,NaN,NaN,442014,NaN,NaN,NaN,NaN,243777,12054,231723,NaN,NaN,NaN,NaN,NaN,NaN,NaN,48,11529,75278,3834586,3834586,86807,3834586,179,0,7e1f972c65dedc727a7ea1491f6a82c90950f63d,0,0,0,0,0,NaN
20200802,TX,430485,3317294,NaN,8969,NaN,3117,NaN,NaN,NaN,282604,A,08/01/2020 16:20,2020-08-01T16:20:00Z,08/01 12:20,6837,NaN,2020-08-01T16:20:00Z,3747779,NaN,NaN,430485,NaN,NaN,NaN,NaN,242251,11812,230439,NaN,NaN,NaN,NaN,NaN,NaN,NaN,48,0,0,3747779,3747779,0,3747779,0,0,e2c261199ea5ece75a66eb081fcef9259b190856,0,0,0,0,0,NaN
20200801,TX,430485,3317294,NaN,8969,NaN,3117,NaN,NaN,NaN,282604,A,08/01/2020 16:20,2020-08-01T16:20:00Z,08/01 12:20,6837,NaN,2020-08-01T16:20:00Z,3747779,NaN,NaN,430485,NaN,NaN,NaN,NaN,242251,11812,230439,NaN,NaN,NaN,NaN,NaN,NaN,NaN,48,9539,68488,3747779,3747779,78027,3747779,268,0,34b03aaa4fa3b44593226fe1ce659fc38a5a518a,0,0,0,0,0,NaN
20200731,TX,420946,3248806,NaN,9336,NaN,3117,NaN,NaN,NaN,273191,A,07/31/2020 17:10,2020-07-31T17:10:00Z,07/31 13:10,6569,NaN,2020-07-31T17:10:00Z,3669752,NaN,NaN,420946,NaN,NaN,NaN,NaN,241518,11712,229806,NaN,NaN,NaN,NaN,NaN,NaN,NaN,48,8839,51439,3669752,3669752,60278,3669752,295,0,615dc68c5bf258a1b353a44821b632bda3fa4dc8,0,0,0,0,0,NaN
20200730,TX,412107,3197367,NaN,9296,NaN,3087,NaN,NaN,NaN,260542,A,07/30/2020 17:55,2020-07-30T17:55:00Z,07/30 13:55,6274,NaN,2020-07-30T17:55:00Z,3609474,NaN,NaN,412107,NaN,NaN,NaN,NaN,239566,11430,228136,NaN,NaN,NaN,NaN,NaN,NaN,NaN,48,8800,61306,3609474,3609474,70106,3609474,84,0,5aa3abba4c46c0d9b58020c45df27541739e7783,0,0,0,0,0,NaN
20200729,TX,403307,3136061,NaN,9595,NaN,3136,NaN,NaN,NaN,251346,A,07/29/2020 16:50,2020-07-29T16:50:00Z,07/29 12:50,6190,NaN,2020-07-29T16:50:00Z,3539368,NaN,NaN,403307,NaN,NaN,NaN,NaN,237895,11227,226668,NaN,NaN,NaN,NaN,NaN,NaN,NaN,48,9042,53400,3539368,3539368,62442,3539368,313,0,7707c7955249f4c0bcecae6ab63264bc35a71135,0,0,0,0,0,NaN
20200728,TX,394265,3082661,NaN,9593,NaN,3136,NaN,NaN,NaN,244449,A,07/28/2020 17:00,2020-07-28T17:00:00Z,07/28 13:00,5877,NaN,2020-07-28T17:00:00Z,3476926,NaN,NaN,394265,NaN,NaN,NaN,NaN,237895,11227,226668,NaN,NaN,NaN,NaN,NaN,NaN,NaN,48,8342,39702,3476926,3476926,48044,3476926,164,0,143a3f517cb23e0e05afaf684cae0b6c02beeaba,0,0,0,0,0,NaN
20200727,TX,385923,3042959,NaN,10893,NaN,3281,NaN,NaN,NaN,229107,A,07/27/2020 17:40,2020-07-27T17:40:00Z,07/27 13:40,5713,NaN,2020-07-27T17:40:00Z,3428882,NaN,NaN,385923,NaN,NaN,NaN,NaN,235797,10921,224876,NaN,NaN,NaN,NaN,NaN,NaN,NaN,48,4267,54640,3428882,3428882,58907,3428882,675,0,0ab5290f820a13698c77e53706a8d63d408d3aa5,0,0,0,0,0,NaN
20200726,TX,381656,2988319,NaN,10893,NaN,3281,NaN,NaN,NaN,229107,A,07/26/2020 16:50,2020-07-26T16:50:00Z,07/26 12:50,5038,NaN,2020-07-26T16:50:00Z,3369975,NaN,NaN,381656,NaN,NaN,NaN,NaN,234534,10751,223783,NaN,NaN,NaN,NaN,NaN,NaN,NaN,48,5810,58123,3369975,3369975,63933,3369975,153,0,58fa9b8bf076ebaef8a8143a54360eea959829d4,0,0,0,0,0,NaN
20200725,TX,375846,2930196,NaN,10893,NaN,3281,NaN,NaN,NaN,221510,A,07/25/2020 16:05,2020-07-25T16:05:00Z,07/25 12:05,4885,NaN,2020-07-25T16:05:00Z,3306042,NaN,NaN,375846,NaN,NaN,NaN,NaN,233410,10595,222815,NaN,NaN,NaN,NaN,NaN,NaN,NaN,48,6020,68091,3306042,3306042,74111,3306042,168,0,092fe041cac31ba5faa1a4878a4660a75ccf277c,0,0,0,0,0,NaN
20200724,TX,369826,2862105,NaN,10893,NaN,3281,NaN,NaN,NaN,212216,A,07/24/2020 16:45,2020-07-24T16:45:00Z,07/24 12:45,4717,NaN,2020-07-24T16:45:00Z,3231931,NaN,NaN,369826,NaN,NaN,NaN,NaN,233139,10565,222574,NaN,NaN,NaN,NaN,NaN,NaN,NaN,48,8701,58574,3231931,3231931,67275,3231931,196,0,38155729a8c664fd627f1f85ae51d6e1e8600307,0,0,0,0,0,NaN
20200723,TX,361125,2803531,NaN,10893,NaN,3281,NaN,NaN,NaN,203826,A,07/23/2020 16:15,2020-07-23T16:15:00Z,07/23 12:15,4521,NaN,2020-07-23T16:15:00Z,3164656,NaN,NaN,361125,NaN,NaN,NaN,NaN,232021,10394,221627,NaN,NaN,NaN,NaN,NaN,NaN,NaN,48,9507,51001,3164656,3164656,60508,3164656,173,0,019f118dbea07c8b002361aa46789c9ef92ebd1c,0,0,0,0,0,NaN
20200722,TX,351618,2752530,NaN,10893,NaN,3281,NaN,NaN,NaN,195315,A,07/22/2020 17:45,2020-07-22T17:45:00Z,07/22 13:45,4348,NaN,2020-07-22T17:45:00Z,3104148,NaN,NaN,351618,NaN,NaN,NaN,NaN,227696,8737,218959,NaN,NaN,NaN,NaN,NaN,NaN,NaN,48,9879,50695,3104148,3104148,60574,3104148,197,0,cdfc7a2586c3ba490f919c4a1dfb5560a7d3221d,0,0,0,0,0,NaN
20200721,TX,341739,2701835,NaN,10848,NaN,NaN,NaN,NaN,NaN,186529,B,07/21/2020 17:00,2020-07-21T17:00:00Z,07/21 13:00,4151,NaN,2020-07-21T17:00:00Z,3043574,NaN,NaN,341739,NaN,NaN,NaN,NaN,226323,8562,217761,NaN,NaN,NaN,NaN,NaN,NaN,NaN,48,9305,49715,3043574,3043574,59020,3043574,131,0,1e50bd68b6f531008961276d556635e1a8c51ea9,0,0,0,0,0,NaN
20200720,TX,332434,2652120,NaN,10569,NaN,NaN,NaN,NaN,NaN,177871,B,07/20/2020 17:25,2020-07-20T17:25:00Z,07/20 13:25,4020,NaN,2020-07-20T17:25:00Z,2984554,NaN,NaN,332434,NaN,NaN,NaN,NaN,223303,7976,215327,NaN,NaN,NaN,NaN,NaN,NaN,NaN,48,7404,44786,2984554,2984554,52190,2984554,62,0,3c5edbb462d31b3f35fc28f521209fae0c459c36,0,0,0,0,0,NaN
20200719,TX,325030,2607334,NaN,10592,NaN,NaN,NaN,NaN,NaN,172936,B,07/19/2020 17:05,2020-07-19T17:05:00Z,07/19 13:05,3958,NaN,2020-07-19T17:05:00Z,2932364,NaN,NaN,325030,NaN,NaN,NaN,NaN,221259,7752,213507,NaN,NaN,NaN,NaN,NaN,NaN,NaN,48,7300,82379,2932364,2932364,89679,2932364,93,0,2977690692808be9000ffe25e6eb5ec1621e5202,0,0,0,0,0,NaN
20200718,TX,317730,2524955,NaN,10658,NaN,NaN,NaN,NaN,NaN,169581,B,07/18/2020 16:50,2020-07-18T16:50:00Z,07/18 12:50,3865,NaN,2020-07-18T16:50:00Z,2842685,NaN,NaN,317730,NaN,NaN,NaN,NaN,224935,7819,217116,NaN,NaN,NaN,NaN,NaN,NaN,NaN,48,10158,65206,2842685,2842685,75364,2842685,130,0,abd11c4a6835edbb7b3bcff0c352a18ba99b2be9,0,0,0,0,0,NaN
20200717,TX,307572,2459749,NaN,10632,NaN,NaN,NaN,NaN,NaN,162191,B,07/17/2020 17:15,2020-07-17T17:15:00Z,07/17 13:15,3735,NaN,2020-07-17T17:15:00Z,2767321,NaN,NaN,307572,NaN,NaN,NaN,NaN,224781,7811,216970,NaN,NaN,NaN,NaN,NaN,NaN,NaN,48,14916,52550,2767321,2767321,67466,2767321,174,0,2fa69296200b851f62ed29d5d64b811df00b4359,0,0,0,0,0,NaN
20200716,TX,292656,2407199,NaN,10457,NaN,NaN,NaN,NaN,NaN,155937,B,07/15/2020 17:00,2020-07-15T17:00:00Z,07/15 13:00,3561,NaN,2020-07-15T17:00:00Z,2699855,NaN,NaN,292656,NaN,NaN,NaN,NaN,224433,7806,216627,NaN,NaN,NaN,NaN,NaN,NaN,NaN,48,10291,47365,2699855,2699855,57656,2699855,129,0,9981a3783b942c73596437d0c6d64ec1aa1b5e8c,0,0,0,0,0,NaN
20200715,TX,282365,2359834,NaN,10471,NaN,NaN,NaN,NaN,NaN,149276,B,07/15/2020 17:00,2020-07-15T17:00:00Z,07/15 13:00,3432,NaN,2020-07-15T17:00:00Z,2642199,NaN,NaN,282365,NaN,NaN,NaN,NaN,222342,7652,214690,NaN,NaN,NaN,NaN,NaN,NaN,NaN,48,7307,36212,2642199,2642199,43519,2642199,110,0,f5dbe93d046c880bd6b5e2317a494d0f535259da,0,0,0,0,0,NaN
20200714,TX,275058,2323622,NaN,10569,NaN,NaN,NaN,NaN,NaN,142398,B,07/14/2020 17:25,2020-07-14T17:25:00Z,07/14 13:25,3322,NaN,2020-07-14T17:25:00Z,2598680,NaN,NaN,275058,NaN,NaN,NaN,NaN,222123,7646,214477,NaN,NaN,NaN,NaN,NaN,NaN,NaN,48,10745,47810,2598680,2598680,58555,2598680,87,0,249ba372f494b2d4dcd31904566353be2a92a546,0,0,0,0,0,NaN
20200713,TX,264313,2275812,NaN,10405,NaN,NaN,NaN,NaN,NaN,136419,B,07/13/2020 16:30,2020-07-13T16:30:00Z,07/13 12:30,3235,NaN,2020-07-13T16:30:00Z,2540125,NaN,NaN,264313,NaN,NaN,NaN,NaN,217734,7542,210192,NaN,NaN,NaN,NaN,NaN,NaN,NaN,48,5655,41716,2540125,2540125,47371,2540125,43,0,67236c812879e179c0d2837b7042cd54b15c24c0,0,0,0,0,0,NaN
20200712,TX,258658,2234096,NaN,10410,NaN,NaN,NaN,NaN,NaN,132638,B,07/12/2020 16:30,2020-07-12T16:30:00Z,07/12 12:30,3192,NaN,2020-07-12T16:30:00Z,2492754,NaN,NaN,258658,NaN,NaN,NaN,NaN,217536,7521,210015,NaN,NaN,NaN,NaN,NaN,NaN,NaN,48,8196,54934,2492754,2492754,63130,2492754,80,0,783186a542607051ff6b831390e64a46092c0856,0,0,0,0,0,NaN
20200711,TX,250462,2179162,NaN,10083,NaN,NaN,NaN,NaN,NaN,127880,B,07/11/2020 16:35,2020-07-11T16:35:00Z,07/11 12:35,3112,NaN,2020-07-11T16:35:00Z,2429624,NaN,NaN,250462,NaN,NaN,NaN,NaN,214872,7485,207387,NaN,NaN,NaN,NaN,NaN,NaN,NaN,48,10351,29484,2429624,2429624,39835,2429624,99,0,ad65eb495768a771d8749e004606cec621ec6ed1,0,0,0,0,0,NaN
20200710,TX,240111,2149678,NaN,10002,NaN,NaN,NaN,NaN,NaN,122996,B,07/10/2020 16:50,2020-07-10T16:50:00Z,07/10 12:50,3013,NaN,2020-07-10T16:50:00Z,2389789,NaN,NaN,240111,NaN,NaN,NaN,NaN,214114,7480,206634,NaN,NaN,NaN,NaN,NaN,NaN,NaN,48,9765,66812,2389789,2389789,76577,2389789,95,0,4dd9099f83569908b28f31ee4f64acb40a1d995d,0,0,0,0,0,NaN
20200709,TX,230346,2082866,NaN,9689,NaN,NaN,NaN,NaN,NaN,118326,B,07/09/2020 16:50,2020-07-09T16:50:00Z,07/09 12:50,2918,NaN,2020-07-09T16:50:00Z,2313212,NaN,NaN,230346,NaN,NaN,NaN,NaN,213728,7466,206262,NaN,NaN,NaN,NaN,NaN,NaN,NaN,48,9782,44722,2313212,2313212,54504,2313212,105,0,5ca4a83cc64af2451e4495cd48d6976bf3b0b74b,0,0,0,0,0,NaN
20200708,TX,220564,2038144,NaN,9610,NaN,NaN,NaN,NaN,NaN,113284,B,07/08/2020 17:45,2020-07-08T17:45:00Z,07/08 13:45,2813,NaN,2020-07-08T17:45:00Z,2258708,NaN,NaN,220564,NaN,NaN,NaN,NaN,212321,7437,204884,NaN,NaN,NaN,NaN,NaN,NaN,NaN,48,9979,27442,2258708,2258708,37421,2258708,98,0,e10c129c1a7ba0cac6ed211ff3d276684f9b68b0,0,0,0,0,0,NaN
20200707,TX,210585,2010702,NaN,9286,NaN,NaN,NaN,NaN,NaN,108485,B,07/07/2020 16:45,2020-07-07T16:45:00Z,07/07 12:45,2715,NaN,2020-07-07T16:45:00Z,2221287,NaN,NaN,210585,NaN,NaN,NaN,NaN,210574,7408,203166,NaN,NaN,NaN,NaN,NaN,NaN,NaN,48,10028,47530,2221287,2221287,57558,2221287,60,0,9cabe4b9e0595214c79b7cd357fdf92b0f883151,0,0,0,0,0,NaN
20200706,TX,200557,1963172,NaN,8698,NaN,NaN,NaN,NaN,NaN,103782,B,07/06/2020 16:30,2020-07-06T16:30:00Z,07/06 12:30,2655,NaN,2020-07-06T16:30:00Z,2163729,NaN,NaN,200557,NaN,NaN,NaN,NaN,207980,7368,200612,NaN,NaN,NaN,NaN,NaN,NaN,NaN,48,5318,24954,2163729,2163729,30272,2163729,18,0,82746825849ee931f6ae227c650cb7d531d5a477,0,0,0,0,0,NaN
20200705,TX,195239,1938218,NaN,8181,NaN,NaN,NaN,NaN,NaN,100843,B,07/05/2020 16:15,2020-07-05T16:15:00Z,07/05 12:15,2637,NaN,2020-07-05T16:15:00Z,2133457,NaN,NaN,195239,NaN,NaN,NaN,NaN,204641,7307,197334,NaN,NaN,NaN,NaN,NaN,NaN,NaN,48,3449,58199,2133457,2133457,61648,2133457,29,0,1a71e80e2455db1e5548e3eadb25c66602e5cbac,0,0,0,0,0,NaN
20200704,TX,191790,1880019,NaN,7890,NaN,NaN,NaN,NaN,NaN,97430,B,07/04/2020 16:15,2020-07-04T16:15:00Z,07/04 12:15,2608,NaN,2020-07-04T16:15:00Z,2071809,NaN,NaN,191790,NaN,NaN,NaN,NaN,201782,7274,194508,NaN,NaN,NaN,NaN,NaN,NaN,NaN,48,8258,49645,2071809,2071809,57903,2071809,33,0,e3ee267aad712f4e44e474bca0e063a4d2119828,0,0,0,0,0,NaN
20200703,TX,183532,1830374,NaN,7652,NaN,NaN,NaN,NaN,NaN,93572,B,07/03/2020 16:25,2020-07-03T16:25:00Z,07/03 12:25,2575,NaN,2020-07-03T16:25:00Z,2013906,NaN,NaN,183532,NaN,NaN,NaN,NaN,199041,7255,191786,NaN,NaN,NaN,NaN,NaN,NaN,NaN,48,7555,30548,2013906,2013906,38103,2013906,50,0,4a4cd01c6dd5aaa1f727e8007a7b25fbc8b44ad3,0,0,0,0,0,NaN
20200702,TX,175977,1799826,NaN,7382,NaN,NaN,NaN,NaN,NaN,90720,B,07/02/2020 16:40,2020-07-02T16:40:00Z,07/02 12:40,2525,NaN,2020-07-02T16:40:00Z,1975803,NaN,NaN,175977,NaN,NaN,NaN,NaN,198745,7243,191502,NaN,NaN,NaN,NaN,NaN,NaN,NaN,48,7915,45940,1975803,1975803,53855,1975803,44,0,681a927a7969c4ef13f79a5a212ae06af3fee0ce,0,0,0,0,0,NaN
20200701,TX,168062,1753886,NaN,6904,NaN,NaN,NaN,NaN,NaN,87556,B,07/01/2020 16:50,2020-07-01T16:50:00Z,07/01 12:50,2481,NaN,2020-07-01T16:50:00Z,1921948,NaN,NaN,168062,NaN,NaN,NaN,NaN,197088,7234,189854,NaN,NaN,NaN,NaN,NaN,NaN,NaN,48,8076,44590,1921948,1921948,52666,1921948,57,0,3a77cc92966ef842d274f394bbf901019dc77ad7,0,0,0,0,0,NaN
20200630,TX,159986,1709296,NaN,6533,NaN,NaN,NaN,NaN,NaN,84818,B,06/30/2020 17:00,2020-06-30T17:00:00Z,06/30 13:00,2424,NaN,2020-06-30T17:00:00Z,1869282,NaN,NaN,159986,NaN,NaN,NaN,NaN,192657,7116,185541,NaN,NaN,NaN,NaN,NaN,NaN,NaN,48,6975,43118,1869282,1869282,50093,1869282,21,0,d43a8a806f8adcd6d002c5758523a06ca6cbfafb,0,0,0,0,0,NaN
20200629,TX,153011,1666178,NaN,5913,NaN,NaN,NaN,NaN,NaN,81335,B,06/29/2020 16:40,2020-06-29T16:40:00Z,06/29 12:40,2403,NaN,2020-06-29T16:40:00Z,1819189,NaN,NaN,153011,NaN,NaN,NaN,NaN,187535,6973,180562,NaN,NaN,NaN,NaN,NaN,NaN,NaN,48,4283,39687,1819189,1819189,43970,1819189,10,0,b142382c5fe436bfe7ce5240c2b7abb4cc7705fd,0,0,0,0,0,NaN
20200628,TX,148728,1626491,NaN,5497,NaN,NaN,NaN,NaN,NaN,79974,B,06/28/2020 16:40,2020-06-28T16:40:00Z,06/28 12:40,2393,NaN,2020-06-28T16:40:00Z,1775219,NaN,NaN,148728,NaN,NaN,NaN,NaN,184398,6940,177458,NaN,NaN,NaN,NaN,NaN,NaN,NaN,48,5357,47036,1775219,1775219,52393,1775219,27,0,0335e3d678d0a41e82f705f64377febdda98883c,0,0,0,0,0,NaN
20200627,TX,143371,1579455,NaN,5523,NaN,NaN,NaN,NaN,NaN,78248,B,06/27/2020 15:50,2020-06-27T15:50:00Z,06/27 11:50,2366,NaN,2020-06-27T15:50:00Z,1722826,NaN,NaN,143371,NaN,NaN,NaN,NaN,180835,6918,173917,NaN,NaN,NaN,NaN,NaN,NaN,NaN,48,5747,19745,1722826,1722826,25492,1722826,42,0,dd93d92435ef85d8a633c5ff9f4d801ca8f3d2e8,0,0,0,0,0,NaN
20200626,TX,137624,1559710,NaN,5102,NaN,NaN,NaN,NaN,NaN,76282,B,06/26/2020 16:50,2020-06-26T16:50:00Z,06/26 12:50,2324,NaN,2020-06-26T16:50:00Z,1697334,NaN,NaN,137624,NaN,NaN,NaN,NaN,177863,6871,170992,NaN,NaN,NaN,NaN,NaN,NaN,NaN,48,5707,32287,1697334,1697334,37994,1697334,28,0,1a39057360bad65b70d2c507035309b841860f0c,0,0,0,0,0,NaN
20200625,TX,131917,1527423,NaN,4739,NaN,NaN,NaN,NaN,NaN,74496,B,06/25/2020 17:00,2020-06-25T17:00:00Z,06/25 13:00,2296,NaN,2020-06-25T17:00:00Z,1659340,NaN,NaN,131917,NaN,NaN,NaN,NaN,176697,6823,169874,NaN,NaN,NaN,NaN,NaN,NaN,NaN,48,5996,23086,1659340,1659340,29082,1659340,47,0,02cf5d9ec2913cf669e12a4206eb29340e5e9737,0,0,0,0,0,NaN
20200624,TX,125921,1504337,NaN,4389,NaN,NaN,NaN,NaN,NaN,72898,B,06/24/2020 16:50,2020-06-24T16:50:00Z,06/24 12:50,2249,NaN,2020-06-24T16:50:00Z,1630258,NaN,NaN,125921,NaN,NaN,NaN,NaN,175384,6770,168614,NaN,NaN,NaN,NaN,NaN,NaN,NaN,48,5551,27417,1630258,1630258,32968,1630258,29,0,c1c5349aa35f0ad4f973b800f776a552dae37b13,0,0,0,0,0,NaN
20200623,TX,120370,1476920,NaN,4092,NaN,NaN,NaN,NaN,NaN,70714,B,06/23/2020 16:50,2020-06-23T16:50:00Z,06/23 12:50,2220,NaN,2020-06-23T16:50:00Z,1597290,NaN,NaN,120370,NaN,NaN,NaN,NaN,170411,6606,163805,NaN,NaN,NaN,NaN,NaN,NaN,NaN,48,5489,42792,1597290,1597290,48281,1597290,28,0,4555f49143102fce90350465d05760309bc2d009,0,0,0,0,0,NaN
20200622,TX,114881,1434128,NaN,3711,NaN,NaN,NaN,NaN,NaN,69190,B,06/22/2020 16:40,2020-06-22T16:40:00Z,06/22 12:40,2192,NaN,2020-06-22T16:40:00Z,1549009,NaN,NaN,114881,NaN,NaN,NaN,NaN,166168,6527,159641,NaN,NaN,NaN,NaN,NaN,NaN,NaN,48,3280,19549,1549009,1549009,22829,1549009,10,0,7a94661c7ca16c04a1015e1adc8266cd601798c5,0,0,0,0,0,NaN
20200621,TX,111601,1414579,NaN,3409,NaN,NaN,NaN,NaN,NaN,68499,B,06/21/2020 16:05,2020-06-21T16:05:00Z,06/21 12:05,2182,NaN,2020-06-21T16:05:00Z,1526180,NaN,NaN,111601,NaN,NaN,NaN,NaN,163944,6493,157451,NaN,NaN,NaN,NaN,NaN,NaN,NaN,48,3866,58916,1526180,1526180,62782,1526180,17,0,99e782173544fc58309f10514913c1aa112d7fab,0,0,0,0,0,NaN
20200620,TX,107735,1355663,NaN,3247,NaN,NaN,NaN,NaN,NaN,67096,B,06/20/2020 16:20,2020-06-20T16:20:00Z,06/20 12:20,2165,NaN,2020-06-20T16:20:00Z,1463398,NaN,NaN,107735,NaN,NaN,NaN,NaN,159453,6431,153022,NaN,NaN,NaN,NaN,NaN,NaN,NaN,48,4430,35054,1463398,1463398,39484,1463398,25,0,90e02034f23f78e15e9dd55f153e8792779f458b,0,0,0,0,0,NaN
20200619,TX,103305,1320609,NaN,3148,NaN,NaN,NaN,NaN,NaN,65329,B,06/19/2020 16:00,2020-06-19T16:00:00Z,06/19 12:00,2140,NaN,2020-06-19T16:00:00Z,1423914,NaN,NaN,103305,NaN,NaN,NaN,NaN,153011,6262,146749,NaN,NaN,NaN,NaN,NaN,NaN,NaN,48,3454,12719,1423914,1423914,16173,1423914,35,0,60fd732fe3b0e8ae0c4977c73c4951fc7d7e6fde,0,0,0,0,0,NaN
20200618,TX,99851,1307890,NaN,2947,NaN,NaN,NaN,NaN,NaN,63812,B,06/18/2020 17:15,2020-06-18T17:15:00Z,06/18 13:15,2105,NaN,2020-06-18T17:15:00Z,1407741,NaN,NaN,99851,NaN,NaN,NaN,NaN,152796,6258,146538,NaN,NaN,NaN,NaN,NaN,NaN,NaN,48,3516,34587,1407741,1407741,38103,1407741,43,0,339b375a051400f53d3038ab691565d7510e64dc,0,0,0,0,0,NaN
20200617,TX,96335,1273303,NaN,2793,NaN,NaN,NaN,NaN,NaN,62368,B,06/17/2020 16:45,2020-06-17T16:45:00Z,06/17 12:45,2062,NaN,2020-06-17T16:45:00Z,1369638,NaN,NaN,96335,NaN,NaN,NaN,NaN,152796,6258,146538,NaN,NaN,NaN,NaN,NaN,NaN,NaN,48,3129,18067,1369638,1369638,21196,1369638,33,0,becc78c1447b4c1264c732435bb21fa2862e71c9,0,0,0,0,0,NaN
20200616,TX,93206,1255236,NaN,2518,NaN,NaN,NaN,NaN,NaN,60681,B,06/16/2020 17:15,2020-06-16T17:15:00Z,06/16 13:15,2029,NaN,2020-06-16T17:15:00Z,1348442,NaN,NaN,93206,NaN,NaN,NaN,NaN,150573,6189,144384,NaN,NaN,NaN,NaN,NaN,NaN,NaN,48,4098,29583,1348442,1348442,33681,1348442,46,0,873a6b91022eb8516eee10c495cd8df71e3739a9,0,0,0,0,0,NaN
20200615,TX,89108,1225653,NaN,2326,NaN,NaN,NaN,NaN,NaN,59089,B,06/15/2020 16:50,2020-06-15T16:50:00Z,06/15 12:50,1983,NaN,2020-06-15T16:50:00Z,1314761,NaN,NaN,89108,NaN,NaN,NaN,NaN,149090,6135,142955,NaN,NaN,NaN,NaN,NaN,NaN,NaN,48,1254,17524,1314761,1314761,18778,1314761,7,0,c1e19b77b9483402c7e88d787cf67064ca7463c6,0,0,0,0,0,NaN
20200614,TX,87854,1208129,NaN,2287,NaN,NaN,NaN,NaN,NaN,58341,B,06/14/2020 16:00,2020-06-14T16:00:00Z,06/14 12:00,1976,NaN,2020-06-14T16:00:00Z,1295983,NaN,NaN,87854,NaN,NaN,NaN,NaN,146967,6062,140905,NaN,NaN,NaN,NaN,NaN,NaN,NaN,48,1843,33821,1295983,1295983,35664,1295983,19,0,1450865d9b8a471548a8efcd924783880c173d5d,0,0,0,0,0,NaN
20200613,TX,86011,1174308,NaN,2242,NaN,NaN,NaN,NaN,NaN,56535,B,06/13/2020 16:50,2020-06-13T16:50:00Z,06/13 12:50,1957,NaN,2020-06-13T16:50:00Z,1260319,NaN,NaN,86011,NaN,NaN,NaN,NaN,144050,5963,138087,NaN,NaN,NaN,NaN,NaN,NaN,NaN,48,2331,31031,1260319,1260319,33362,1260319,18,0,3aea6bd1afb14089258f84dad67b0851703796c7,0,0,0,0,0,NaN
20200612,TX,83680,1143277,NaN,2166,NaN,NaN,NaN,NaN,NaN,55258,B,06/12/2020 16:40,2020-06-12T16:40:00Z,06/12 12:40,1939,NaN,2020-06-12T16:40:00Z,1226957,NaN,NaN,83680,NaN,NaN,NaN,NaN,143174,5925,137249,NaN,NaN,NaN,NaN,NaN,NaN,NaN,48,2097,18540,1226957,1226957,20637,1226957,19,0,a20c9b465cf78ccd5a6eae02101196175148aaf5,0,0,0,0,0,NaN
20200611,TX,81583,1124737,NaN,2008,NaN,NaN,NaN,NaN,NaN,54096,B,06/11/2020 21:30,2020-06-11T21:30:00Z,06/11 17:30,1920,NaN,2020-06-11T21:30:00Z,1206320,NaN,NaN,81583,NaN,NaN,NaN,NaN,142573,5906,136667,NaN,NaN,NaN,NaN,NaN,NaN,NaN,48,1826,43407,1206320,1206320,45233,1206320,35,0,cd9ee7ecd4f643d8a971c2843d754224796d8c6f,0,0,0,0,0,NaN
20200610,TX,79757,1081330,NaN,2153,NaN,NaN,NaN,NaN,NaN,52449,B,06/10/2020 16:45,2020-06-10T16:45:00Z,06/10 12:45,1885,NaN,2020-06-10T16:45:00Z,1161087,NaN,NaN,79757,NaN,NaN,NaN,NaN,140962,5812,135150,NaN,NaN,NaN,NaN,NaN,NaN,NaN,48,2504,11228,1161087,1161087,13732,1161087,32,0,897a393485c3ba96dab21003aed0fd0c014f6dbc,0,0,0,0,0,NaN
20200609,TX,77253,1070102,NaN,2056,NaN,NaN,NaN,NaN,NaN,51140,B,06/09/2020 16:50,2020-06-09T16:50:00Z,06/09 12:50,1853,NaN,2020-06-09T16:50:00Z,1147355,NaN,NaN,77253,NaN,NaN,NaN,NaN,138784,5710,133074,NaN,NaN,NaN,NaN,NaN,NaN,NaN,48,1637,25402,1147355,1147355,27039,1147355,23,0,598651973c94139e147b5b23649fa1401178e9c7,0,0,0,0,0,NaN
20200608,TX,75616,1044700,NaN,1935,NaN,NaN,NaN,NaN,NaN,49758,B,06/07/2020 16:30,2020-06-07T16:30:00Z,06/07 12:30,1830,NaN,2020-06-07T16:30:00Z,1120316,NaN,NaN,75616,NaN,NaN,NaN,NaN,118509,4767,113742,NaN,NaN,NaN,NaN,NaN,NaN,NaN,48,638,19232,1120316,1120316,19870,1120316,0,0,a669ed540cae62dc6be347e8591759e797e7250c,0,0,0,0,0,NaN
20200607,TX,74978,1025468,NaN,1878,NaN,NaN,NaN,NaN,NaN,49758,B,06/07/2020 14:30,2020-06-07T14:30:00Z,06/07 10:30,1830,NaN,2020-06-07T14:30:00Z,1100446,NaN,NaN,74978,NaN,NaN,NaN,NaN,118509,4767,113742,NaN,NaN,NaN,NaN,NaN,NaN,NaN,48,1425,5744,1100446,1100446,7169,1100446,11,0,5f671a057fa00e5be48703f4c3939e015b01fed9,0,0,0,0,0,NaN
20200606,TX,73553,1019724,NaN,1822,NaN,NaN,NaN,NaN,NaN,48895,B,06/06/2020 17:00,2020-06-06T17:00:00Z,06/06 13:00,1819,NaN,2020-06-06T17:00:00Z,1093277,NaN,NaN,73553,NaN,NaN,NaN,NaN,115910,4659,111251,NaN,NaN,NaN,NaN,NaN,NaN,NaN,48,1940,29761,1093277,1093277,31701,1093277,31,0,03e8898b6967365d8d1a4c337f5972f0a016a9c1,0,0,0,0,0,NaN
20200605,TX,71613,989963,NaN,1855,NaN,NaN,NaN,NaN,NaN,47865,B,06/05/2020 17:00,2020-06-05T17:00:00Z,06/05 13:00,1788,NaN,2020-06-05T17:00:00Z,1061576,NaN,NaN,71613,NaN,NaN,NaN,NaN,113372,4549,108823,NaN,NaN,NaN,NaN,NaN,NaN,NaN,48,1693,21328,1061576,1061576,23021,1061576,21,0,0bd522a8a806e575cf75597f66ad514c84eabeb2,0,0,0,0,0,NaN
20200604,TX,69920,968635,NaN,1796,NaN,NaN,NaN,NaN,NaN,46799,B,06/04/2020 16:50,2020-06-04T16:50:00Z,06/04 12:50,1767,NaN,2020-06-04T16:50:00Z,1038555,NaN,NaN,69920,NaN,NaN,NaN,NaN,112313,4500,107813,NaN,NaN,NaN,NaN,NaN,NaN,NaN,48,1649,30138,1038555,1038555,31787,1038555,33,0,d756da076fd34ed14c2ce10447ab7ae5081ed3fc,0,0,0,0,0,NaN
20200603,TX,68271,938497,NaN,1487,NaN,NaN,NaN,NaN,NaN,45858,B,06/03/2020 16:25,2020-06-03T16:25:00Z,06/03 12:25,1734,NaN,2020-06-03T16:25:00Z,1006768,NaN,NaN,68271,NaN,NaN,NaN,NaN,110506,4395,106111,NaN,NaN,NaN,NaN,NaN,NaN,NaN,48,1703,18841,1006768,1006768,20544,1006768,36,0,8e43d513929aad54ea3e1a82803b4a6315437cc0,0,0,0,0,0,NaN
20200602,TX,66568,919656,NaN,1773,NaN,NaN,NaN,NaN,NaN,44517,B,06/02/2020 16:00,2020-06-02T16:00:00Z,06/02 12:00,1698,NaN,2020-06-02T16:00:00Z,986224,NaN,NaN,66568,NaN,NaN,NaN,NaN,107452,4258,103194,NaN,NaN,NaN,NaN,NaN,NaN,NaN,48,1688,14505,986224,986224,16193,986224,20,0,61498de1553adea5621240e2a90837e2cf9aaffb,0,0,0,0,0,NaN
20200601,TX,64880,905151,NaN,1756,NaN,NaN,NaN,NaN,NaN,43338,B,06/01/2020 17:00,2020-06-01T17:00:00Z,06/01 13:00,1678,NaN,2020-06-01T17:00:00Z,970031,NaN,NaN,64880,NaN,NaN,NaN,NaN,103460,4080,99380,NaN,NaN,NaN,NaN,NaN,NaN,NaN,48,593,17573,970031,970031,18166,970031,6,0,36725ec9f514d7b32bd0bddee729d40f9282a8a0,0,0,0,0,0,NaN
20200531,TX,64287,887578,NaN,1684,NaN,NaN,NaN,NaN,NaN,42423,B,05/31/2020 16:30,2020-05-31T16:30:00Z,05/31 12:30,1672,NaN,2020-05-31T16:30:00Z,951865,NaN,NaN,64287,NaN,NaN,NaN,NaN,102928,4044,98884,NaN,NaN,NaN,NaN,NaN,NaN,NaN,48,1949,21399,951865,951865,23348,951865,46,0,a4b7db12a089d730ad43f0d1c8632add02f7c6d0,0,0,0,0,0,NaN
20200530,TX,62338,866179,NaN,1752,NaN,NaN,NaN,NaN,NaN,40068,B,05/29/2020 16:45,2020-05-29T16:45:00Z,05/29 12:45,1626,NaN,2020-05-29T16:45:00Z,928517,NaN,NaN,62338,NaN,NaN,NaN,NaN,98932,3882,95150,NaN,NaN,NaN,NaN,NaN,NaN,NaN,48,1332,33910,928517,928517,35242,928517,0,0,70e6d4d912ccfc1fc0840e2c7c0c7d507bc4385a,0,0,0,0,0,NaN
20200529,TX,61006,832269,NaN,1701,NaN,NaN,NaN,NaN,NaN,40068,B,05/28/2020 16:30,2020-05-28T16:30:00Z,05/28 12:30,1626,NaN,2020-05-28T16:30:00Z,893275,NaN,NaN,61006,NaN,NaN,NaN,NaN,96719,3782,92937,NaN,NaN,NaN,NaN,NaN,NaN,NaN,48,1230,18827,893275,893275,20057,893275,25,0,9d22a7893a18d73bdf64a0af8b216b576f6e13bf,0,0,0,0,0,NaN
20200528,TX,59776,813442,NaN,1692,NaN,NaN,NaN,NaN,NaN,38905,B,05/28/2020 16:30,2020-05-28T16:30:00Z,05/28 12:30,1601,NaN,2020-05-28T16:30:00Z,873218,NaN,NaN,59776,NaN,NaN,NaN,NaN,88643,3445,85198,NaN,NaN,NaN,NaN,NaN,NaN,NaN,48,1855,15689,873218,873218,17544,873218,39,0,b8ec4bbb2356afc565b90bbe8da05f565b4cb05a,0,0,0,0,0,NaN
20200527,TX,57921,797753,NaN,1645,NaN,NaN,NaN,NaN,NaN,37626,B,05/27/2020 16:40,2020-05-27T16:40:00Z,05/27 12:40,1562,NaN,2020-05-27T16:40:00Z,855674,NaN,NaN,57921,NaN,NaN,NaN,NaN,87565,3406,84159,NaN,NaN,NaN,NaN,NaN,NaN,NaN,48,1361,33080,855674,855674,34441,855674,26,0,ee878db7ee2d18a942adc8df9d96e343138b8baf,0,0,0,0,0,NaN
20200526,TX,56560,764673,NaN,1534,NaN,NaN,NaN,NaN,NaN,36375,B,05/26/2020 17:00,2020-05-26T17:00:00Z,05/26 13:00,1536,NaN,2020-05-26T17:00:00Z,821233,NaN,NaN,56560,NaN,NaN,NaN,NaN,84841,3294,81547,NaN,NaN,NaN,NaN,NaN,NaN,NaN,48,589,14990,821233,821233,15579,821233,9,0,e39fe75335012bea81c1a6e6a9981c62f1ff1d88,0,0,0,0,0,NaN
20200525,TX,55971,749683,NaN,1511,NaN,NaN,NaN,NaN,NaN,35292,B,05/25/2020 04:30,2020-05-25T04:30:00Z,05/25 00:30,1527,NaN,2020-05-25T04:30:00Z,805654,NaN,NaN,55971,NaN,NaN,NaN,NaN,80700,3163,77537,NaN,NaN,NaN,NaN,NaN,NaN,NaN,48,623,41486,805654,805654,42109,805654,21,0,29703efe1e4aaeb54db8f006547ed38a748879b7,0,0,0,0,0,NaN
20200524,TX,55348,708197,NaN,1572,NaN,NaN,NaN,NaN,NaN,33385,B,05/23/2020 04:45,2020-05-23T04:45:00Z,05/23 00:45,1506,NaN,2020-05-23T04:45:00Z,762706,NaN,NaN,55348,NaN,NaN,NaN,NaN,71731,2866,68865,NaN,NaN,NaN,NaN,NaN,NaN,NaN,48,839,0,763545,763545,839,763545,0,0,95cab84b9028f87d722ae4e40c373c725ec11bb4,0,0,0,0,0,NaN
20200523,TX,54509,708197,NaN,1688,NaN,NaN,NaN,NaN,NaN,32277,B,05/22/2020 17:00,2020-05-22T17:00:00Z,05/22 13:00,1506,NaN,2020-05-22T17:00:00Z,762706,NaN,NaN,54509,NaN,NaN,NaN,NaN,60252,2463,57789,NaN,NaN,NaN,NaN,NaN,NaN,NaN,48,1060,20284,762706,762706,21344,762706,26,0,ddf9df9ceac67b035a01eb2c79d0692d0670f312,0,0,0,0,0,NaN
20200522,TX,53449,687913,NaN,1578,NaN,NaN,NaN,NaN,NaN,31223,B,05/21/2020 17:55,2020-05-21T17:55:00Z,05/21 13:55,1480,NaN,2020-05-21T17:55:00Z,740181,NaN,NaN,53449,NaN,NaN,NaN,NaN,49313,2463,47199,NaN,NaN,NaN,NaN,NaN,NaN,NaN,48,1181,0,741362,741362,1181,741362,40,0,ab345b678b3f663deba669dc8db32e348b344710,0,0,0,0,0,NaN
20200521,TX,52268,687913,NaN,1680,NaN,NaN,NaN,NaN,NaN,30341,B,05/20/2020 16:50,2020-05-20T16:50:00Z,05/20 12:50,1440,NaN,2020-05-20T16:50:00Z,740181,NaN,NaN,52268,NaN,NaN,NaN,NaN,60252,2114,58138,NaN,NaN,NaN,NaN,NaN,NaN,NaN,48,945,18308,740181,740181,19253,740181,21,0,08ab9a9e2e4aa0398255e1d5633703e6037b8de5,0,0,0,0,0,NaN
20200520,TX,51323,669605,NaN,1791,NaN,NaN,NaN,NaN,NaN,30341,B,05/19/2020 16:50,2020-05-19T16:50:00Z,05/19 12:50,1419,NaN,2020-05-19T16:50:00Z,720928,NaN,NaN,51323,NaN,NaN,NaN,NaN,49313,NaN,NaN,NaN,NaN,NaN,NaN,NaN,NaN,NaN,48,1411,19371,720928,720928,20782,720928,50,0,4bc43f4328f51370d5e49a009bf78eb0d63fba0b,0,0,0,0,0,NaN
20200519,TX,49912,650234,NaN,1732,NaN,NaN,NaN,NaN,NaN,29359,A,05/19/2020 16:50,2020-05-19T16:50:00Z,05/19 12:50,1369,NaN,2020-05-19T16:50:00Z,700146,NaN,NaN,49912,NaN,NaN,NaN,NaN,44791,NaN,NaN,NaN,NaN,NaN,NaN,NaN,NaN,NaN,48,1219,19082,700146,700146,20301,700146,22,0,5c86ae441dc9ac472a39912891d733f26172f20c,0,0,0,0,0,NaN
20200518,TX,48693,631152,NaN,1551,NaN,NaN,NaN,NaN,NaN,28371,A,05/18/2020 16:25,2020-05-18T16:25:00Z,05/18 12:25,1347,NaN,2020-05-18T16:25:00Z,679845,NaN,NaN,48693,NaN,NaN,NaN,NaN,43168,NaN,NaN,NaN,NaN,NaN,NaN,NaN,NaN,NaN,48,909,28581,679845,679845,29490,679845,11,0,0f3ec9e02d67c99ea6128a4a1a13d4f1007dc106,0,0,0,0,0,NaN
20200517,TX,47784,602571,NaN,1512,NaN,NaN,NaN,NaN,NaN,27570,A,05/17/2020 16:15,2020-05-17T16:15:00Z,05/17 12:15,1336,NaN,2020-05-17T16:15:00Z,650355,NaN,NaN,47784,NaN,NaN,NaN,NaN,42921,NaN,NaN,NaN,NaN,NaN,NaN,NaN,NaN,NaN,48,785,10831,650355,650355,11616,650355,31,0,e82f9a8d7f9da0e23f468b43493b68b22ddab6a7,0,0,0,0,0,NaN
20200516,TX,46999,591740,NaN,1791,NaN,NaN,NaN,NaN,NaN,26601,A,05/15/2020 16:15,2020-05-15T16:15:00Z,05/15 12:15,1305,NaN,2020-05-15T16:15:00Z,638739,NaN,NaN,46999,NaN,NaN,NaN,NaN,39732,NaN,NaN,NaN,NaN,NaN,NaN,NaN,NaN,NaN,48,1801,27308,638739,638739,29109,638739,33,0,d166f013be8f0e163971bfe865f239059d23a261,0,0,0,0,0,NaN
20200515,TX,45198,564432,NaN,1716,NaN,NaN,NaN,NaN,NaN,25454,A,05/15/2020 16:15,2020-05-15T16:15:00Z,05/15 12:15,1272,NaN,2020-05-15T16:15:00Z,609630,NaN,NaN,45198,NaN,NaN,NaN,NaN,36362,NaN,NaN,NaN,NaN,NaN,NaN,NaN,NaN,NaN,48,1347,20970,609630,609630,22317,609630,56,0,ee7cf72d56fa8263678d9ce2f01875ab8e6ac8ab,0,0,0,0,0,NaN
20200514,TX,43851,543462,NaN,1648,NaN,NaN,NaN,NaN,NaN,24487,A,05/14/2020 16:30,2020-05-14T16:30:00Z,05/14 12:30,1216,NaN,2020-05-14T16:30:00Z,587313,NaN,NaN,43851,NaN,NaN,NaN,NaN,35971,NaN,NaN,NaN,NaN,NaN,NaN,NaN,NaN,NaN,48,1448,29089,587313,587313,30537,587313,58,0,d525c884f5337285868904d6525d313b141e0b13,0,0,0,0,0,NaN
20200513,TX,42403,514373,NaN,1676,NaN,NaN,NaN,NaN,NaN,23519,A,05/13/2020 16:20,2020-05-13T16:20:00Z,05/13 12:20,1158,NaN,2020-05-13T16:20:00Z,556776,NaN,NaN,42403,NaN,NaN,NaN,NaN,30655,NaN,NaN,NaN,NaN,NaN,NaN,NaN,NaN,NaN,48,1355,17249,556776,556776,18604,556776,25,0,b556572fe55a9185bbc7a9c391042808d747e2eb,0,0,0,0,0,NaN
20200512,TX,41048,497124,NaN,1725,NaN,NaN,NaN,NaN,NaN,22674,A,05/11/2020 16:25,2020-05-11T16:25:00Z,05/11 12:25,1133,NaN,2020-05-11T16:25:00Z,NaN,NaN,NaN,41048,NaN,NaN,NaN,NaN,NaN,NaN,NaN,NaN,NaN,NaN,NaN,NaN,NaN,NaN,48,1179,11296,538172,538172,12475,538172,33,0,73c15cb5d8b1637850bee6009d5581cb123424d6,0,0,0,0,0,NaN
20200511,TX,39869,485828,NaN,1525,NaN,NaN,NaN,NaN,NaN,21713,B,05/10/2020 16:35,2020-05-10T16:35:00Z,05/10 12:35,1100,NaN,2020-05-10T16:35:00Z,NaN,NaN,NaN,39869,483,NaN,NaN,NaN,NaN,NaN,NaN,NaN,NaN,NaN,NaN,NaN,NaN,NaN,48,1000,22921,525697,525697,23921,525697,12,0,036a0450cd19248676a04ae13f904e6820522a6f,0,0,0,0,0,NaN
20200510,TX,38869,462907,NaN,1626,NaN,NaN,NaN,NaN,NaN,21022,B,05/10/2020 16:35,2020-05-10T16:35:00Z,05/10 12:35,1088,NaN,2020-05-10T16:35:00Z,NaN,NaN,NaN,38869,481,NaN,NaN,NaN,NaN,NaN,NaN,NaN,NaN,NaN,NaN,NaN,NaN,NaN,48,1009,11473,501776,501776,12482,501776,39,0,a700374cf9dc525788b5e9536254ddd96189e1d4,0,0,0,0,0,NaN
20200509,TX,37860,451434,NaN,1735,NaN,NaN,NaN,NaN,NaN,20141,B,05/09/2020 13:15,2020-05-09T13:15:00Z,05/09 09:15,1049,NaN,2020-05-09T13:15:00Z,NaN,NaN,NaN,37860,470,NaN,NaN,NaN,NaN,NaN,NaN,NaN,NaN,NaN,NaN,NaN,NaN,NaN,48,1251,10925,489294,489294,12176,489294,45,0,e6f4f84a1a63ae9f596c8bc6ec42bef280d9756f,0,0,0,0,0,NaN
20200508,TX,36609,440509,NaN,1734,NaN,NaN,NaN,NaN,NaN,19197,B,05/08/2020 13:00,2020-05-08T13:00:00Z,05/08 09:00,1004,NaN,2020-05-08T13:00:00Z,NaN,NaN,NaN,36609,453,NaN,NaN,NaN,NaN,NaN,NaN,NaN,NaN,NaN,NaN,NaN,NaN,NaN,48,1219,20737,477118,477118,21956,477118,31,0,35ea2a0c41539d0d5d51ea4378adcb8d31b0c821,0,0,0,0,0,NaN
20200507,TX,35390,419772,NaN,1750,NaN,NaN,NaN,NaN,NaN,18440,B,05/07/2020 13:00,2020-05-07T13:00:00Z,05/07 09:00,973,NaN,2020-05-07T13:00:00Z,NaN,NaN,NaN,35390,449,NaN,NaN,NaN,NaN,NaN,NaN,NaN,NaN,NaN,NaN,NaN,NaN,NaN,48,968,15256,455162,455162,16224,455162,25,0,6c9db81530f4c1a54b1cc31c21dc9b93228cf63e,0,0,0,0,0,NaN
20200506,TX,34422,404516,NaN,1812,NaN,NaN,NaN,NaN,NaN,17622,B,05/06/2020 13:20,2020-05-06T13:20:00Z,05/06 09:20,948,NaN,2020-05-06T13:20:00Z,NaN,NaN,NaN,34422,443,NaN,NaN,NaN,NaN,NaN,NaN,NaN,NaN,NaN,NaN,NaN,NaN,NaN,48,1053,10675,438938,438938,11728,438938,42,0,42476661ac9b5be71d0828eecdee68b154ea82ed,0,0,0,0,0,NaN
20200505,TX,33369,393841,NaN,1888,NaN,NaN,NaN,NaN,NaN,16791,B,05/05/2020 13:15,2020-05-05T13:15:00Z,05/05 09:15,906,NaN,2020-05-05T13:15:00Z,NaN,NaN,NaN,33369,433,NaN,NaN,NaN,NaN,NaN,NaN,NaN,NaN,NaN,NaN,NaN,NaN,NaN,48,1037,18775,427210,427210,19812,427210,22,0,3aa46f1205e6b06034304ea96bf0be5b918d787f,0,0,0,0,0,NaN
20200504,TX,32332,375066,NaN,1533,NaN,NaN,NaN,NaN,NaN,16090,B,05/04/2020 13:15,2020-05-04T13:15:00Z,05/04 09:15,884,NaN,2020-05-04T13:15:00Z,NaN,NaN,NaN,32332,414,NaN,NaN,NaN,NaN,NaN,NaN,NaN,NaN,NaN,NaN,NaN,NaN,NaN,48,784,16054,407398,407398,16838,407398,17,0,6db4649d8876a8fb2353cdacc8521e6027d63565,0,0,0,0,0,NaN
20200503,TX,31548,359012,NaN,1540,NaN,NaN,NaN,NaN,NaN,15544,B,05/02/2020 12:45,2020-05-02T12:45:00Z,05/02 08:45,867,NaN,2020-05-02T12:45:00Z,NaN,NaN,NaN,31548,NaN,NaN,NaN,NaN,NaN,NaN,NaN,NaN,NaN,NaN,NaN,NaN,NaN,NaN,48,1026,8886,390560,390560,9912,390560,20,0,aa5fff6d5d522b7db98ef39aa1d120e8b6f07b52,0,0,0,0,0,NaN
20200502,TX,30522,350126,NaN,1725,NaN,NaN,NaN,NaN,NaN,14891,B,05/02/2020 12:45,2020-05-02T12:45:00Z,05/02 08:45,847,NaN,2020-05-02T12:45:00Z,NaN,NaN,NaN,30522,NaN,NaN,NaN,NaN,NaN,NaN,NaN,NaN,NaN,NaN,NaN,NaN,NaN,NaN,48,1293,27580,380648,380648,28873,380648,31,0,9a789452a339d17661865231eb5b5cf21064185b,0,0,0,0,0,NaN
20200501,TX,29229,322546,NaN,1778,NaN,NaN,NaN,NaN,NaN,14122,B,05/01/2020 13:00,2020-05-01T13:00:00Z,05/01 09:00,816,NaN,2020-05-01T13:00:00Z,NaN,NaN,NaN,29229,NaN,NaN,NaN,NaN,NaN,NaN,NaN,NaN,NaN,NaN,NaN,NaN,NaN,NaN,48,1142,20333,351775,351775,21475,351775,34,0,6d77d0e47e16dd27e37467198026254dc4b0dce4,0,0,0,0,0,NaN
20200430,TX,28087,302213,NaN,1686,NaN,NaN,NaN,NaN,NaN,13353,B,04/29/2020 13:00,2020-04-29T13:00:00Z,04/29 09:00,782,NaN,2020-04-29T13:00:00Z,NaN,NaN,NaN,28087,NaN,NaN,NaN,NaN,NaN,NaN,NaN,NaN,NaN,NaN,NaN,NaN,NaN,NaN,48,1033,14477,330300,330300,15510,330300,50,0,0bc5f58a6d210713b2da6b80a9a3f88d070be5d1,0,0,0,0,0,NaN
20200429,TX,27054,287736,NaN,1702,NaN,NaN,NaN,NaN,NaN,12507,B,04/29/2020 13:00,2020-04-29T13:00:00Z,04/29 09:00,732,NaN,2020-04-29T13:00:00Z,NaN,NaN,NaN,27054,NaN,NaN,NaN,NaN,NaN,NaN,NaN,NaN,NaN,NaN,NaN,NaN,NaN,NaN,48,883,13523,314790,314790,14406,314790,42,0,6ac4566386f82b84c1b871a1c9163ff3b8d05e52,0,0,0,0,0,NaN
20200428,TX,26171,274213,NaN,1682,NaN,NaN,NaN,NaN,NaN,11786,B,04/28/2020 13:00,2020-04-28T13:00:00Z,04/28 09:00,690,NaN,2020-04-28T13:00:00Z,NaN,NaN,NaN,26171,NaN,NaN,NaN,NaN,NaN,NaN,NaN,NaN,NaN,NaN,NaN,NaN,NaN,NaN,48,874,8993,300384,300384,9867,300384,27,0,3b898686e8cdc50751999d727ec93483b08df6f3,0,0,0,0,0,NaN
20200427,TX,25297,265220,NaN,1563,NaN,NaN,NaN,NaN,NaN,11170,B,04/27/2020 13:10,2020-04-27T13:10:00Z,04/27 09:10,663,NaN,2020-04-27T13:10:00Z,NaN,NaN,NaN,25297,NaN,NaN,NaN,NaN,NaN,NaN,NaN,NaN,NaN,NaN,NaN,NaN,NaN,NaN,48,666,13830,290517,290517,14496,290517,15,0,8f60e142bcac2778f7e445dbe951d6d510d476f4,0,0,0,0,0,NaN
20200426,TX,24631,251390,NaN,1542,NaN,NaN,NaN,NaN,NaN,10763,B,04/26/2020 12:40,2020-04-26T12:40:00Z,04/26 08:40,648,NaN,2020-04-26T12:40:00Z,NaN,NaN,NaN,24631,NaN,NaN,NaN,NaN,NaN,NaN,NaN,NaN,NaN,NaN,NaN,NaN,NaN,NaN,48,858,12347,276021,276021,13205,276021,25,0,118fcbe0473338c963cd5753256e16adae1ed01e,0,0,0,0,0,NaN
20200425,TX,23773,239043,NaN,1597,NaN,NaN,NaN,NaN,NaN,9986,B,04/25/2020 13:00,2020-04-25T13:00:00Z,04/25 09:00,623,NaN,2020-04-25T13:00:00Z,NaN,NaN,NaN,23773,NaN,NaN,NaN,NaN,NaN,NaN,NaN,NaN,NaN,NaN,NaN,NaN,NaN,NaN,48,967,19302,262816,262816,20269,262816,30,0,c71479c7c9318f5d7d70dcbb3edd49f8ea4d62e0,0,0,0,0,0,NaN
20200424,TX,22806,219741,NaN,1674,NaN,NaN,NaN,NaN,NaN,9156,A,04/24/2020 12:30,2020-04-24T12:30:00Z,04/24 08:30,593,NaN,2020-04-24T12:30:00Z,NaN,NaN,NaN,22806,NaN,NaN,NaN,NaN,NaN,NaN,NaN,NaN,NaN,NaN,NaN,NaN,NaN,NaN,48,862,16607,242547,242547,17469,242547,32,0,a83d252aefcf9db840ebad2c2e5ac039f8b96008,0,0,0,0,0,NaN
20200423,TX,21944,203134,NaN,1649,NaN,NaN,NaN,NaN,NaN,8025,A,04/23/2020 12:30,2020-04-23T12:30:00Z,04/23 08:30,561,NaN,2020-04-23T12:30:00Z,NaN,NaN,NaN,21944,NaN,NaN,NaN,NaN,NaN,NaN,NaN,NaN,NaN,NaN,NaN,NaN,NaN,NaN,48,875,7420,225078,225078,8295,225078,18,0,4918b964de513461cd47623092c67a91be81f744,0,0,0,0,0,NaN
20200422,TX,21069,195714,NaN,1678,NaN,NaN,NaN,NaN,NaN,7341,A,04/22/2020 13:15,2020-04-22T13:15:00Z,04/22 09:15,543,NaN,2020-04-22T13:15:00Z,NaN,NaN,NaN,21069,NaN,NaN,NaN,NaN,NaN,NaN,NaN,NaN,NaN,NaN,NaN,NaN,NaN,NaN,48,873,10511,216783,216783,11384,216783,26,0,442efe28f0d4df6c3a4e35ce5e8b99a3121e950a,0,0,0,0,0,NaN
20200421,TX,20196,185203,NaN,1419,NaN,NaN,NaN,NaN,NaN,6486,A,04/21/2020 13:00,2020-04-21T13:00:00Z,04/21 09:00,517,NaN,2020-04-21T13:00:00Z,NaN,NaN,NaN,20196,NaN,NaN,NaN,NaN,NaN,NaN,NaN,NaN,NaN,NaN,NaN,NaN,NaN,NaN,48,738,14267,205399,205399,15005,205399,22,0,a9fc377245d05527a73dcb8f697ed799a86b46ba,0,0,0,0,0,NaN
20200420,TX,19458,170936,NaN,1411,NaN,NaN,NaN,NaN,NaN,5706,A,04/20/2020 12:45,2020-04-20T12:45:00Z,04/20 08:45,495,NaN,2020-04-20T12:45:00Z,NaN,NaN,NaN,19458,NaN,NaN,NaN,NaN,NaN,NaN,NaN,NaN,NaN,NaN,NaN,NaN,NaN,NaN,48,535,7149,190394,190394,7684,190394,18,0,65f7b40074b398db9bfc6cc38876acef3191e75f,0,0,0,0,0,NaN
20200419,TX,18923,163787,NaN,1471,NaN,NaN,NaN,NaN,NaN,5334,A,04/19/2020 13:00,2020-04-19T13:00:00Z,04/19 09:00,477,NaN,2020-04-19T13:00:00Z,NaN,NaN,NaN,18923,NaN,NaN,NaN,NaN,NaN,NaN,NaN,NaN,NaN,NaN,NaN,NaN,NaN,NaN,48,663,5808,182710,182710,6471,182710,24,0,15e16e385819a8d67a9adcc76a36efdf4c3b978b,0,0,0,0,0,NaN
20200418,TX,18260,157979,NaN,1321,NaN,NaN,NaN,NaN,NaN,4806,A,04/18/2020 13:45,2020-04-18T13:45:00Z,04/18 09:45,453,NaN,2020-04-18T13:45:00Z,NaN,NaN,NaN,18260,NaN,NaN,NaN,NaN,NaN,NaN,NaN,NaN,NaN,NaN,NaN,NaN,NaN,NaN,48,889,5814,176239,176239,6703,176239,25,0,dfa7e0e19340843a3084e45398746c995244071f,0,0,0,0,0,NaN
20200417,TX,17371,152165,NaN,1522,NaN,NaN,NaN,NaN,NaN,4190,A,04/17/2020 12:45,2020-04-17T12:45:00Z,04/17 08:45,428,NaN,2020-04-17T12:45:00Z,NaN,NaN,NaN,17371,NaN,NaN,NaN,NaN,NaN,NaN,NaN,NaN,NaN,NaN,NaN,NaN,NaN,NaN,48,916,10073,169536,169536,10989,169536,35,0,6ff550bda78eaf3275da84cde5c9bcb3cd64eb42,0,0,0,0,0,NaN
20200416,TX,16455,142092,NaN,1459,NaN,NaN,NaN,NaN,NaN,3677,A,04/16/2020 13:00,2020-04-16T13:00:00Z,04/16 09:00,393,NaN,2020-04-16T13:00:00Z,NaN,NaN,NaN,16455,NaN,NaN,NaN,NaN,NaN,NaN,NaN,NaN,NaN,NaN,NaN,NaN,NaN,NaN,48,963,5774,158547,158547,6737,158547,29,0,187ad3e8ad7e22d0fd800e5b91ceeb84cdf90877,0,0,0,0,0,NaN
20200415,TX,15492,136318,NaN,1538,NaN,NaN,NaN,NaN,NaN,3150,A,04/15/2020 13:00,2020-04-15T13:00:00Z,04/15 09:00,364,NaN,2020-04-15T13:00:00Z,NaN,NaN,NaN,15492,NaN,NaN,NaN,NaN,NaN,NaN,NaN,NaN,NaN,NaN,NaN,NaN,NaN,NaN,48,868,4475,151810,151810,5343,151810,46,0,ef31b2ba55b440b841e14dbd2fd96c76b2f7fa5d,0,0,0,0,0,NaN
20200414,TX,14624,131843,NaN,1409,NaN,NaN,NaN,NaN,NaN,2580,A,04/14/2020 12:45,2020-04-14T12:45:00Z,04/14 08:45,318,NaN,2020-04-14T12:45:00Z,NaN,NaN,NaN,14624,NaN,NaN,NaN,NaN,NaN,NaN,NaN,NaN,NaN,NaN,NaN,NaN,NaN,NaN,48,718,12523,146467,146467,13241,146467,31,0,e1dbe4b7047c6b3e0538b113b1624ea68d6e3725,0,0,0,0,0,NaN
20200413,TX,13906,119320,NaN,1176,NaN,NaN,NaN,NaN,NaN,2269,A,04/13/2020 12:45,2020-04-13T12:45:00Z,04/13 08:45,287,NaN,2020-04-13T12:45:00Z,NaN,NaN,NaN,13906,NaN,NaN,NaN,NaN,NaN,NaN,NaN,NaN,NaN,NaN,NaN,NaN,NaN,NaN,48,422,8271,133226,133226,8693,133226,16,0,a94e51ee7b6fe4e7d6aa5f11e3a71ff50313654e,0,0,0,0,0,NaN
20200412,TX,13484,111049,NaN,1338,NaN,NaN,NaN,NaN,NaN,2014,A,04/11/2020 21:00,2020-04-11T21:00:00Z,04/11 17:00,271,NaN,2020-04-11T21:00:00Z,NaN,NaN,NaN,13484,NaN,NaN,NaN,NaN,NaN,NaN,NaN,NaN,NaN,NaN,NaN,NaN,NaN,NaN,48,923,3077,124533,124533,4000,124533,17,0,1680602187e170b9115197478cccae37af511545,0,0,0,0,0,NaN
20200411,TX,12561,107972,NaN,1514,NaN,NaN,NaN,NaN,NaN,1617,A,04/11/2020 12:40,2020-04-11T12:40:00Z,04/11 08:40,254,NaN,2020-04-11T12:40:00Z,NaN,NaN,NaN,12561,NaN,NaN,NaN,NaN,NaN,NaN,NaN,NaN,NaN,NaN,NaN,NaN,NaN,NaN,48,890,3925,120533,120533,4815,120533,28,0,3c6866baf4d448a4c102687c740b88d25cf43a0f,0,0,0,0,0,NaN
20200410,TX,11671,104047,NaN,1532,NaN,NaN,NaN,NaN,NaN,1366,A,04/10/2020 13:00,2020-04-10T13:00:00Z,04/10 09:00,226,NaN,2020-04-10T13:00:00Z,NaN,NaN,NaN,11671,NaN,NaN,NaN,NaN,NaN,NaN,NaN,NaN,NaN,NaN,NaN,NaN,NaN,NaN,48,1441,8143,115718,115718,9584,115718,27,0,47e3aa00d8fd266126e7e15c2149436183447a64,0,0,0,0,0,NaN
20200409,TX,10230,95904,NaN,1439,NaN,NaN,NaN,NaN,NaN,1101,A,04/09/2020 13:15,2020-04-09T13:15:00Z,04/09 09:15,199,NaN,2020-04-09T13:15:00Z,NaN,NaN,NaN,10230,NaN,NaN,NaN,NaN,NaN,NaN,NaN,NaN,NaN,NaN,NaN,NaN,NaN,NaN,48,877,8999,106134,106134,9876,106134,22,0,e7183a98e8ed082332b3386d193c9061a6b992f8,0,0,0,0,0,NaN
20200408,TX,9353,86905,NaN,1491,NaN,NaN,NaN,NaN,NaN,38,A,04/08/2020 14:21,2020-04-08T14:21:00Z,04/08 10:21,177,NaN,2020-04-08T14:21:00Z,NaN,NaN,NaN,9353,NaN,NaN,NaN,NaN,NaN,NaN,NaN,NaN,NaN,NaN,NaN,NaN,NaN,NaN,48,1091,6518,96258,96258,7609,96258,23,0,c62434aa248ae67ee9288883188dd536c0c91ff1,0,0,0,0,0,NaN
20200407,TX,8262,80387,NaN,1252,NaN,NaN,NaN,NaN,NaN,38,A,04/06/2020 21:00,2020-04-06T21:00:00Z,04/06 17:00,154,NaN,2020-04-06T21:00:00Z,NaN,NaN,NaN,8262,NaN,NaN,NaN,NaN,NaN,NaN,NaN,NaN,NaN,NaN,NaN,NaN,NaN,NaN,48,986,2306,88649,88649,3292,88649,14,0,097667fd42356df0cceb760f02e86312cde20599,0,0,0,0,0,NaN
20200406,TX,7276,78081,NaN,1153,NaN,NaN,NaN,NaN,NaN,38,A,04/05/2020 21:00,2020-04-05T21:00:00Z,04/05 17:00,140,NaN,2020-04-05T21:00:00Z,NaN,NaN,NaN,7276,NaN,NaN,NaN,NaN,NaN,NaN,NaN,NaN,NaN,NaN,NaN,NaN,NaN,NaN,48,464,13955,85357,85357,14419,85357,13,0,a80b05ad087f595c6b36ca0db42f2bcc84d77e76,0,0,0,0,0,NaN
20200405,TX,6812,64126,NaN,827,NaN,NaN,NaN,NaN,NaN,38,A,04/05/2020 13:00,2020-04-05T13:00:00Z,04/05 09:00,127,NaN,2020-04-05T13:00:00Z,NaN,NaN,NaN,6812,NaN,NaN,NaN,NaN,NaN,NaN,NaN,NaN,NaN,NaN,NaN,NaN,NaN,NaN,48,702,6485,70938,70938,7187,70938,22,0,1aa9bc6cd66f6d4afd4b5ec79d1b7adb0593d6f1,0,0,0,0,0,NaN
20200404,TX,6110,57641,NaN,196,NaN,NaN,NaN,NaN,NaN,38,A,04/03/2020 21:00,2020-04-03T21:00:00Z,04/03 17:00,105,NaN,2020-04-03T21:00:00Z,NaN,NaN,NaN,6110,NaN,NaN,NaN,NaN,NaN,NaN,NaN,NaN,NaN,NaN,NaN,NaN,NaN,NaN,48,780,7207,63751,63751,7987,63751,15,0,65aabcc236527c4a628cd05469431c3710dbb192,0,0,0,0,0,NaN
20200403,TX,5330,50434,NaN,196,NaN,NaN,NaN,NaN,NaN,38,A,04/02/2020 21:00,2020-04-02T21:00:00Z,04/02 17:00,90,NaN,2020-04-02T21:00:00Z,NaN,NaN,NaN,5330,NaN,NaN,NaN,NaN,NaN,NaN,NaN,NaN,NaN,NaN,NaN,NaN,NaN,NaN,48,661,4424,55764,55764,5085,55764,20,0,d1cf03d2c1a38a45f80bc1796e83f0fcf5d58c9e,0,0,0,0,0,NaN
20200402,TX,4669,46010,NaN,196,NaN,NaN,NaN,NaN,NaN,38,A,04/01/2020 21:00,2020-04-01T21:00:00Z,04/01 17:00,70,NaN,2020-04-01T21:00:00Z,NaN,NaN,NaN,4669,NaN,NaN,NaN,NaN,NaN,NaN,NaN,NaN,NaN,NaN,NaN,NaN,NaN,NaN,48,672,2150,50679,50679,2822,50679,12,0,b57b6c77ea5ba3b5cd735c57a3095aec30a2e2e7,0,0,0,0,0,NaN
20200401,TX,3997,43860,NaN,196,NaN,NaN,NaN,NaN,NaN,38,A,03/31/2020 21:00,2020-03-31T21:00:00Z,03/31 17:00,58,NaN,2020-03-31T21:00:00Z,NaN,NaN,NaN,3997,NaN,NaN,NaN,NaN,NaN,NaN,NaN,NaN,NaN,NaN,NaN,NaN,NaN,NaN,48,731,4134,47857,47857,4865,47857,17,0,35ff7a8d96b37b37227c48f23deba586ff9e5fe4,0,0,0,0,0,NaN
20200331,TX,3266,39726,NaN,196,NaN,NaN,NaN,NaN,NaN,38,A,03/31/2020 13:45,2020-03-31T13:45:00Z,03/31 09:45,41,NaN,2020-03-31T13:45:00Z,NaN,NaN,NaN,3266,NaN,NaN,NaN,NaN,NaN,NaN,NaN,NaN,NaN,NaN,NaN,NaN,NaN,NaN,48,389,6723,42992,42992,7112,42992,7,0,80f1c81e29ea5e8037d860366ab822021546a186,0,0,0,0,0,NaN
20200330,TX,2877,33003,NaN,NaN,NaN,NaN,NaN,NaN,NaN,38,A,03/30/2020 12:45,2020-03-30T12:45:00Z,03/30 08:45,34,NaN,2020-03-30T12:45:00Z,NaN,NaN,NaN,2877,NaN,NaN,NaN,NaN,NaN,NaN,NaN,NaN,NaN,NaN,NaN,NaN,NaN,NaN,48,325,9795,35880,35880,10120,35880,0,0,375d3ad4544ea5f266a178ee188dccfef39fedfc,0,0,0,0,0,NaN
20200329,TX,2552,23208,NaN,NaN,NaN,NaN,NaN,NaN,NaN,NaN,A,03/29/2020 13:45,2020-03-29T13:45:00Z,03/29 09:45,34,NaN,2020-03-29T13:45:00Z,NaN,NaN,NaN,2552,NaN,NaN,NaN,NaN,NaN,NaN,NaN,NaN,NaN,NaN,NaN,NaN,NaN,NaN,48,500,0,25760,25760,500,25760,7,0,9ab4781a826168594d5c9dd7fcc5f6ad7360cacc,0,0,0,0,0,NaN
20200328,TX,2052,23208,NaN,NaN,NaN,NaN,NaN,NaN,NaN,NaN,A,03/28/2020 12:45,2020-03-28T12:45:00Z,03/28 08:45,27,NaN,2020-03-28T12:45:00Z,NaN,NaN,NaN,2052,NaN,NaN,NaN,NaN,NaN,NaN,NaN,NaN,NaN,NaN,NaN,NaN,NaN,NaN,48,321,1273,25260,25260,1594,25260,4,0,af91509f6ac9bcdb047d1f892bd446470c91ac76,0,0,0,0,0,NaN
20200327,TX,1731,21935,NaN,NaN,NaN,NaN,NaN,NaN,NaN,NaN,A,03/27/2020 13:00,2020-03-27T13:00:00Z,03/27 09:00,23,NaN,2020-03-27T13:00:00Z,NaN,NaN,NaN,1731,NaN,NaN,NaN,NaN,NaN,NaN,NaN,NaN,NaN,NaN,NaN,NaN,NaN,NaN,48,335,1907,23666,23666,2242,23666,5,0,dc29e286fbf1733e677f5a3ddf3551df9ab9436a,0,0,0,0,0,NaN
20200326,TX,1396,20028,NaN,NaN,NaN,NaN,NaN,NaN,NaN,NaN,A,03/26/2020 13:00,2020-03-26T13:00:00Z,03/26 09:00,18,NaN,2020-03-26T13:00:00Z,NaN,NaN,NaN,1396,NaN,NaN,NaN,NaN,NaN,NaN,NaN,NaN,NaN,NaN,NaN,NaN,NaN,NaN,48,422,7508,21424,21424,7930,21424,6,0,f71b2d59febb628e9905378a1b038435bb2e1fd0,0,0,0,0,0,NaN
20200325,TX,974,12520,NaN,NaN,NaN,NaN,NaN,NaN,NaN,NaN,A,03/25/2020 12:30,2020-03-25T12:30:00Z,03/25 08:30,12,NaN,2020-03-25T12:30:00Z,NaN,NaN,NaN,974,NaN,NaN,NaN,NaN,NaN,NaN,NaN,NaN,NaN,NaN,NaN,NaN,NaN,NaN,48,564,1763,13494,13494,2327,13494,3,0,57b459816abefccb446be3cb468e552d6a6fdd29,0,0,0,0,0,NaN
20200324,TX,410,10757,NaN,NaN,NaN,NaN,NaN,NaN,NaN,NaN,A,03/23/2020 21:00,2020-03-23T21:00:00Z,03/23 17:00,9,NaN,2020-03-23T21:00:00Z,NaN,NaN,NaN,410,NaN,NaN,NaN,NaN,NaN,NaN,NaN,NaN,NaN,NaN,NaN,NaN,NaN,NaN,48,58,1054,11167,11167,1112,11167,1,0,5e82e2e69b76cda98c6497d3ad1af4eeb89e7b82,0,0,0,0,0,NaN
20200323,TX,352,9703,NaN,NaN,NaN,NaN,NaN,NaN,NaN,NaN,A,03/23/2020 13:00,2020-03-23T13:00:00Z,03/23 09:00,8,NaN,2020-03-23T13:00:00Z,NaN,NaN,NaN,352,NaN,NaN,NaN,NaN,NaN,NaN,NaN,NaN,NaN,NaN,NaN,NaN,NaN,NaN,48,18,1281,10055,10055,1299,10055,3,0,abb6488148b53279cc5bb2acfb0e7ff8c5861306,0,0,0,0,0,NaN
20200322,TX,334,8422,NaN,NaN,NaN,NaN,NaN,NaN,NaN,NaN,,03/21/2020 21:00,2020-03-21T21:00:00Z,03/21 17:00,5,NaN,2020-03-21T21:00:00Z,NaN,NaN,NaN,334,NaN,NaN,NaN,NaN,NaN,NaN,NaN,NaN,NaN,NaN,NaN,NaN,NaN,NaN,48,30,2204,8756,8756,2234,8756,0,0,242a799eba23e5905738952c3d00676b4b62524a,0,0,0,0,0,NaN
20200321,TX,304,6218,NaN,NaN,NaN,NaN,NaN,NaN,NaN,NaN,,03/21/2020 13:00,2020-03-21T13:00:00Z,03/21 09:00,5,NaN,2020-03-21T13:00:00Z,NaN,NaN,NaN,304,NaN,NaN,NaN,NaN,NaN,NaN,NaN,NaN,NaN,NaN,NaN,NaN,NaN,NaN,48,110,1135,6522,6522,1245,6522,0,0,58eb75106df69f044b117817fe51272f6d3cf3d3,0,0,0,0,0,NaN
20200320,TX,194,5083,NaN,NaN,NaN,NaN,NaN,NaN,NaN,NaN,,03/20/2020 13:00,2020-03-20T13:00:00Z,03/20 09:00,5,NaN,2020-03-20T13:00:00Z,NaN,NaN,NaN,194,NaN,NaN,NaN,NaN,NaN,NaN,NaN,NaN,NaN,NaN,NaN,NaN,NaN,NaN,48,51,2871,5277,5277,2922,5277,2,0,46a5cb69b0456ceb6808013b589216a68fb923d8,0,0,0,0,0,NaN
20200319,TX,143,2212,NaN,NaN,NaN,NaN,NaN,NaN,NaN,NaN,,03/19/2020 13:00,2020-03-19T13:00:00Z,03/19 09:00,3,NaN,2020-03-19T13:00:00Z,NaN,NaN,NaN,143,NaN,NaN,NaN,NaN,NaN,NaN,NaN,NaN,NaN,NaN,NaN,NaN,NaN,NaN,48,60,388,2355,2355,448,2355,1,0,114866010a79b22ba8810e6b27827361abd8d196,0,0,0,0,0,NaN
20200318,TX,83,1824,NaN,NaN,NaN,NaN,NaN,NaN,NaN,NaN,,03/18/2020 13:00,2020-03-18T13:00:00Z,03/18 09:00,2,NaN,2020-03-18T13:00:00Z,NaN,NaN,NaN,83,NaN,NaN,NaN,NaN,NaN,NaN,NaN,NaN,NaN,NaN,NaN,NaN,NaN,NaN,48,19,620,1907,1907,639,1907,1,0,955447b9f15cfe0944355453a1502933f41a17bf,0,0,0,0,0,NaN
20200317,TX,64,1204,NaN,NaN,NaN,NaN,NaN,NaN,NaN,NaN,,03/17/2020 13:00,2020-03-17T13:00:00Z,03/17 09:00,1,NaN,2020-03-17T13:00:00Z,NaN,NaN,NaN,64,NaN,NaN,NaN,NaN,NaN,NaN,NaN,NaN,NaN,NaN,NaN,NaN,NaN,NaN,48,7,1204,1268,1268,1211,1268,1,0,8a5eed9d484be720665df1ca91584d2dc4af64d0,0,0,0,0,0,NaN
20200316,TX,57,NaN,NaN,NaN,NaN,NaN,NaN,NaN,NaN,NaN,,03/16/2020 15:21,2020-03-16T15:21:00Z,03/16 11:21,NaN,NaN,2020-03-16T15:21:00Z,NaN,NaN,NaN,57,NaN,NaN,NaN,NaN,NaN,NaN,NaN,NaN,NaN,NaN,NaN,NaN,NaN,NaN,48,1,0,57,57,1,57,0,0,65fbfb21b92a6630aab3e8fd5401bd8b21bb332f,0,0,0,0,0,NaN
20200315,TX,56,NaN,NaN,NaN,NaN,NaN,NaN,NaN,NaN,NaN,,03/15/2020 13:00,2020-03-15T13:00:00Z,03/15 09:00,NaN,NaN,2020-03-15T13:00:00Z,NaN,NaN,NaN,56,NaN,NaN,NaN,NaN,NaN,NaN,NaN,NaN,NaN,NaN,NaN,NaN,NaN,NaN,48,5,0,56,56,5,56,0,0,fb1ba6d449b0e96153f85f1939e34eaedf3f6046,0,0,0,0,0,NaN
20200314,TX,51,NaN,NaN,NaN,NaN,NaN,NaN,NaN,NaN,NaN,,03/14/2020 13:00,2020-03-14T13:00:00Z,03/14 09:00,NaN,NaN,2020-03-14T13:00:00Z,NaN,NaN,NaN,51,NaN,NaN,NaN,NaN,NaN,NaN,NaN,NaN,NaN,NaN,NaN,NaN,NaN,NaN,48,12,0,51,51,12,51,0,0,b4278f8d2df82e1822cefb633eecc77146822840,0,0,0,0,0,NaN
20200313,TX,39,NaN,NaN,NaN,NaN,NaN,NaN,NaN,NaN,NaN,,03/13/2020 00:00,2020-03-13T00:00:00Z,03/12 20:00,NaN,NaN,2020-03-13T00:00:00Z,NaN,NaN,NaN,39,NaN,NaN,NaN,NaN,NaN,NaN,NaN,NaN,NaN,NaN,NaN,NaN,NaN,NaN,48,16,0,39,39,16,39,0,0,d525fbaab6714ec654d0d36054936f072e7acc1a,0,0,0,0,0,NaN
20200312,TX,23,NaN,NaN,NaN,NaN,NaN,NaN,NaN,NaN,NaN,,03/12/2020 11:00,2020-03-12T11:00:00Z,03/12 07:00,NaN,NaN,2020-03-12T11:00:00Z,NaN,NaN,NaN,23,NaN,NaN,NaN,NaN,NaN,NaN,NaN,NaN,NaN,NaN,NaN,NaN,NaN,NaN,48,2,0,23,23,2,23,0,0,58094f4502aec958337e57dbbb2811b8f1f05db9,0,0,0,0,0,NaN
20200311,TX,21,NaN,NaN,NaN,NaN,NaN,NaN,NaN,NaN,NaN,,NaT,,,NaN,NaN,,NaN,NaN,NaN,21,NaN,NaN,NaN,NaN,NaN,NaN,NaN,NaN,NaN,NaN,NaN,NaN,NaN,NaN,48,8,0,21,21,8,21,0,0,d17f5dfe22c8d1af0e687cdbcc943a6a2ff3aafb,0,0,0,0,0,NaN
20200310,TX,13,NaN,NaN,NaN,NaN,NaN,NaN,NaN,NaN,NaN,,NaT,,,NaN,NaN,,NaN,NaN,NaN,13,NaN,NaN,NaN,NaN,NaN,NaN,NaN,NaN,NaN,NaN,NaN,NaN,NaN,NaN,48,1,0,13,13,1,13,0,0,1e612c04932c26498f775d5ec969cda2af523d6d,0,0,0,0,0,NaN
20200309,TX,12,NaN,NaN,NaN,NaN,NaN,NaN,NaN,NaN,NaN,,NaT,,,NaN,NaN,,NaN,NaN,NaN,12,NaN,NaN,NaN,NaN,NaN,NaN,NaN,NaN,NaN,NaN,NaN,NaN,NaN,NaN,48,4,0,12,12,4,12,0,0,7b15b04f9abd92e02d14ceebefe0387f840dbcb0,0,0,0,0,0,NaN
20200308,TX,8,NaN,NaN,NaN,NaN,NaN,NaN,NaN,NaN,NaN,,NaT,,,NaN,NaN,,NaN,NaN,NaN,8,NaN,NaN,NaN,NaN,NaN,NaN,NaN,NaN,NaN,NaN,NaN,NaN,NaN,NaN,48,0,0,8,8,0,8,0,0,ba0a4ee4905385a99c745f72fb9f2c9fe53564ec,0,0,0,0,0,NaN
20200307,TX,8,NaN,NaN,NaN,NaN,NaN,NaN,NaN,NaN,NaN,,NaT,,,NaN,NaN,,NaN,NaN,NaN,8,NaN,NaN,NaN,NaN,NaN,NaN,NaN,NaN,NaN,NaN,NaN,NaN,NaN,NaN,48,3,0,8,8,3,8,0,0,311017826ff82245cf4f3e88d2af4192836edae3,0,0,0,0,0,NaN
20200306,TX,5,NaN,NaN,NaN,NaN,NaN,NaN,NaN,NaN,NaN,,NaT,,,NaN,NaN,,NaN,NaN,NaN,5,NaN,NaN,NaN,NaN,NaN,NaN,NaN,NaN,NaN,NaN,NaN,NaN,NaN,NaN,48,4,0,5,5,4,5,0,0,5e24ec6216deb48812e23c832daa05ddb0a2fcff,0,0,0,0,0,NaN
20200305,TX,1,NaN,NaN,NaN,NaN,NaN,NaN,NaN,NaN,NaN,,NaT,,,NaN,NaN,,NaN,NaN,NaN,1,NaN,NaN,NaN,NaN,NaN,NaN,NaN,NaN,NaN,NaN,NaN,NaN,NaN,NaN,48,0,0,1,1,0,1,0,0,1157fd33e2ea4ae8290757b28e2c65e6eb8a6df4,0,0,0,0,0,NaN
20200304,TX,1,NaN,NaN,NaN,NaN,NaN,NaN,NaN,NaN,NaN,,NaT,,,NaN,NaN,,NaN,NaN,NaN,1,NaN,NaN,NaN,NaN,NaN,NaN,NaN,NaN,NaN,NaN,NaN,NaN,NaN,NaN,48,0,0,1,1,0,1,0,0,282fdb8be1d97b4e26fe0e0cf760e199acf683df,0,0,0,0,0,NaN
