Date Type,Date,Program,Total Doses Administered Daily,Daily Count People Receiving Dose 1,Daily Count People Receiving Dose 2,Total Doses Administered Cumulative,People Receiving 1 or More Doses Cumulative,People Receiving 2 Doses Cumulative,7-Day Avg Daily Count Dose 1,7-Day Avg Total Doses Daily,7-Day Avg Daily Count Dose 2,Total Doses Administered Daily Change,7-Day Avg Total Doses Administered Daily Change,Daily Count of People Fully Vaccinated,People with at least One Dose Cumulative,People Fully Vaccinated Cumulative,7-Day Avg Daily Count of People Fully Vaccinated
Admin,4/9/21,US,0,0,0,178837781,114436039,62854301,957024,1621188,659715,null,null,0,114436039,68202461,824401
Admin,4/9/21,LTC,0,0,0,7759386,4843853,2851494,720,1292,484,null,null,0,4843853,2855368,626
Report,4/9/21,US,null,null,null,null,null,null,null,null,null,3958065,3033045,null,null,null,null
Admin,4/8/21,US,434527,255070,178609,178837781,114436039,62854301,1230253,2086787,850306,null,null,242715,114436039,68202461,1046747
Admin,4/8/21,LTC,51,6,44,7759386,4843853,2851494,900,1990,677,null,null,44,4843853,2855368,858
Report,4/8/21,US,null,null,null,null,null,null,null,null,null,3403061,3035473,null,null,null,null
Admin,4/7/21,US,2519822,1490768,1023557,178403254,114180969,62675692,1523647,2594250,1062739,null,null,1333385,114180969,67959746,1286463
Admin,4/7/21,LTC,2093,1289,797,7759335,4843847,2851450,1211,2608,857,null,null,1161,4843847,2855324,1096
Report,4/7/21,US,null,null,null,null,null,null,null,null,null,2884580,3029052,null,null,null,null
Admin,4/6/21,US,3020355,1784563,1227219,175883432,112690201,61652135,1630167,2769545,1130811,null,null,1557945,112690201,66626361,1338406
Admin,4/6/21,LTC,2866,1640,1222,7757242,4842558,2850653,1337,2868,982,null,null,1611,4842558,2854163,1245
Report,4/6/21,US,null,null,null,null,null,null,null,null,null,1404280,2998533,null,null,null,null
Admin,4/5/21,US,2655844,1533188,1114568,172863077,110905638,60424916,1643174,2795079,1143233,null,null,1341646,110905638,65068416,1319673
Admin,4/5/21,LTC,2661,1771,869,7754376,4840918,2849431,1363,3021,1106,null,null,1107,4840918,2852552,1378
Report,4/5/21,US,null,null,null,null,null,null,null,null,null,2134049,3053566,null,null,null,null
Admin,4/4/21,US,674751,413926,258164,170207233,109372450,59310348,1640128,2783295,1134034,null,null,308293,109372450,63726770,1288925
Admin,4/4/21,LTC,195,86,93,7751715,4839147,2848562,1381,3231,1290,null,null,94,4839147,2851445,1542
Report,4/4/21,US,null,null,null,null,null,null,null,null,null,3365324,3084436,null,null,null,null
Admin,4/3/21,US,2043017,1221652,815891,169532482,108958524,59052184,1672598,2845810,1163663,null,null,986827,108958524,63418477,1315137
Admin,4/3/21,LTC,1184,248,366,7751520,4839061,2848469,1408,3349,1383,null,null,366,4839061,2851351,1635
Report,4/3/21,US,null,null,null,null,null,null,null,null,null,4081959,3072527,null,null,null,null
Admin,4/2/21,US,3259196,1912604,1334132,167489465,107736872,58236293,1681728,2876637,1185031,null,null,1556422,107736872,62431650,1323776
Admin,4/2/21,LTC,4880,1262,1349,7750336,4838813,2848103,1428,3408,1500,null,null,1625,4838813,2850985,1754
Report,4/2/21,US,null,null,null,null,null,null,null,null,null,3975059,2988825,null,null,null,null
Admin,4/1/21,US,3986767,2308829,1665644,164230269,105824268,56902161,1691796,2909064,1207465,null,null,1920729,105824268,60875228,1330909
Admin,4/1/21,LTC,4378,2183,1300,7745456,4837551,2846754,1691,3681,1818,null,null,1709,4837551,2849360,2062
Report,4/1/21,US,null,null,null,null,null,null,null,null,null,3358112,2903730,null,null,null,null
Admin,3/31/21,US,3746888,2236410,1500059,160243502,103515439,55236517,1668516,2842879,1164439,null,null,1696981,103515439,58954499,1267674
Admin,3/31/21,LTC,3914,2166,1678,7741078,4835368,2845454,1822,4141,2262,null,null,2209,4835368,2847651,2485
Report,3/31/21,US,null,null,null,null,null,null,null,null,null,2670947,2828491,null,null,null,null
Admin,3/30/21,US,3199091,1875612,1314171,156496614,101279029,53736458,1649399,2778343,1118669,null,null,1426814,101279029,57257518,1209238
Admin,3/30/21,LTC,3939,1824,2090,7737164,4833202,2843776,1929,4610,2626,null,null,2541,4833202,2845442,2827
Report,3/30/21,US,null,null,null,null,null,null,null,null,null,1789510,2769331,null,null,null,null
Admin,3/29/21,US,2573359,1511862,1050176,153297523,99403417,52422287,1653038,2727407,1064006,null,null,1126412,99403417,55830704,1153051
Admin,3/29/21,LTC,4128,1901,2151,7733225,4831378,2841686,2075,5060,2928,null,null,2253,4831378,2842901,3076
Report,3/29/21,US,null,null,null,null,null,null,null,null,null,2350144,2757586,null,null,null,null
Admin,3/28/21,US,1112357,641219,465567,150724164,97891555,51372111,1654177,2670386,1006387,null,null,491778,97891555,54704292,1095877
Admin,3/28/21,LTC,1022,269,746,7729097,4829477,2839535,2199,5609,3334,null,null,746,4829477,2840648,3469
Report,3/28/21,US,null,null,null,null,null,null,null,null,null,3281956,2711611,null,null,null,null
Admin,3/27/21,US,2258801,1285563,965468,149611807,97250336,50906544,1654305,2644950,981185,null,null,1047299,97250336,54212514,1073470
Admin,3/27/21,LTC,1595,394,1186,7728075,4829208,2838789,2303,5954,3568,null,null,1201,4829208,2839902,3703
Report,3/27/21,US,null,null,null,null,null,null,null,null,null,3496047,2677034,null,null,null,null
Admin,3/26/21,US,3486185,1983076,1491170,147353006,95964773,49941076,1656237,2600005,934533,null,null,1606353,95964773,53165215,1033354
Admin,3/26/21,LTC,6791,3097,3578,7726480,4828814,2837603,2475,6683,4114,null,null,3776,4828814,2838701,4248
Report,3/26/21,US,null,null,null,null,null,null,null,null,null,3379393,2624410,null,null,null,null
Admin,3/25/21,US,3523478,2145868,1364465,143866821,93981697,48449906,1668880,2535675,857749,null,null,1478084,93981697,51558862,960099
Admin,3/25/21,LTC,7602,3106,4405,7719689,4825717,2834025,2664,7692,4924,null,null,4673,4825717,2834925,5033
Report,3/25/21,US,null,null,null,null,null,null,null,null,null,2831442,2510755,null,null,null,null
Admin,3/24/21,US,3295130,2102595,1179668,140343343,91835829,47085441,1666148,2474457,799465,null,null,1287928,91835829,50080778,903838
Admin,3/24/21,LTC,7194,2910,4224,7712087,4822611,2829620,2916,8740,5712,null,null,4601,4822611,2830252,5785
Report,3/24/21,US,null,null,null,null,null,null,null,null,null,2256824,2490889,null,null,null,null
Admin,3/23/21,US,2842543,1901086,931530,137048213,89733234,45905773,1653891,2423991,761306,null,null,1033504,89733234,48792850,867340
Admin,3/23/21,LTC,7094,2851,4207,7704893,4819701,2825396,3211,9852,6521,null,null,4288,4819701,2825651,6541
Report,3/23/21,US,null,null,null,null,null,null,null,null,null,1707293,2497025,null,null,null,null
Admin,3/22/21,US,2174211,1519835,646841,134205670,87832148,44974243,1643057,2400152,748021,null,null,726197,87832148,47759346,857244
Admin,3/22/21,LTC,7970,2766,4993,7697799,4816850,2821189,3505,10896,7249,null,null,5004,4816850,2821363,7258
Report,3/22/21,US,null,null,null,null,null,null,null,null,null,2028324,2489697,null,null,null,null
Admin,3/21/21,US,934305,642109,289154,132031459,86312313,44327402,1625300,2386679,751872,null,null,334925,86312313,47033149,867252
Admin,3/21/21,LTC,3432,999,2380,7689829,4814084,2816196,3739,11905,7963,null,null,2381,4814084,2816359,7972
Report,3/21/21,US,null,null,null,null,null,null,null,null,null,3039915,2488734,null,null,null,null
Admin,3/20/21,US,1944189,1299090,638900,131097154,85670204,44038248,1617767,2375776,748323,null,null,766489,85670204,46698224,871859
Admin,3/20/21,LTC,6703,1599,5012,7686397,4813085,2813816,3849,12546,8485,null,null,5015,4813085,2813978,8494
Report,3/20/21,US,null,null,null,null,null,null,null,null,null,3127679,2439857,null,null,null,null
Admin,3/19/21,US,3035872,2071574,953683,129152965,84371114,43399348,1616052,2383373,756074,null,null,1093567,84371114,45931735,894066
Admin,3/19/21,LTC,13850,4417,9246,7679694,4811486,2808804,3999,13053,8840,null,null,9273,4811486,2808963,8848
Report,3/19/21,US,null,null,null,null,null,null,null,null,null,2583810,2455116,null,null,null,null
Admin,3/18/21,US,3094953,2126750,956476,126117093,82299540,42445665,1603669,2401576,783566,null,null,1084257,82299540,44838168,936340
Admin,3/18/21,LTC,14940,4868,9921,7665844,4807069,2799558,4441,14241,9570,null,null,9938,4807069,2799690,9577
Report,3/18/21,US,null,null,null,null,null,null,null,null,null,2692381,2503731,null,null,null,null
Admin,3/17/21,US,2941870,2016794,912557,123022140,80172790,41489189,1609951,2422232,796167,null,null,1032444,80172790,43753911,967206
Admin,3/17/21,LTC,14981,4978,9886,7650904,4802201,2789637,4740,15334,10349,null,null,9888,4802201,2789752,10354
Report,3/17/21,US,null,null,null,null,null,null,null,null,null,2299771,2473762,null,null,null,null
Admin,3/16/21,US,2675665,1825250,838537,120080270,78155996,40576632,1603090,2420897,801321,null,null,962829,78155996,42721467,988345
Admin,3/16/21,LTC,14398,4909,9306,7635923,4797223,2779751,5120,16574,11195,null,null,9309,4797223,2779864,11200
Report,3/16/21,US,null,null,null,null,null,null,null,null,null,1655996,2435037,null,null,null,null
Admin,3/15/21,US,2079902,1395532,673800,117404605,76330746,39738095,1584787,2395113,794084,null,null,796253,76330746,41758638,992022
Admin,3/15/21,LTC,15037,4401,9993,7621525,4792314,2770445,5756,18388,12371,null,null,10002,4792314,2770555,12375
Report,3/15/21,US,null,null,null,null,null,null,null,null,null,2021586,2427430,null,null,null,null
Admin,3/14/21,US,857982,589378,264309,115324703,74935214,39064295,1584812,2383621,782689,null,null,367177,74935214,40962385,989474
Admin,3/14/21,LTC,7918,1769,6034,7606488,4787913,2760452,6201,19680,13270,null,null,6037,4787913,2760553,13274
Report,3/14/21,US,null,null,null,null,null,null,null,null,null,2697779,2386932,null,null,null,null
Admin,3/13/21,US,1997369,1287083,693159,114466721,74345836,38799986,1590860,2382403,775570,null,null,921938,74345836,40595208,981805
Admin,3/13/21,LTC,10249,2654,7492,7598570,4786144,2754418,6423,20076,13428,null,null,7494,4786144,2754516,13431
Report,3/13/21,US,null,null,null,null,null,null,null,null,null,3234490,2350025,null,null,null,null
Admin,3/12/21,US,3163291,1984898,1146125,112469352,73058753,38106827,1588723,2369602,766119,null,null,1389486,73058753,39673270,964119
Admin,3/12/21,LTC,22169,7509,14361,7588321,4783490,2746926,6773,20981,13971,null,null,14373,4783490,2747022,13982
Report,3/12/21,US,null,null,null,null,null,null,null,null,null,2924112,2302844,null,null,null,null
Admin,3/11/21,US,3239546,2170723,1044684,109306061,71073855,36960702,1576686,2345503,756162,null,null,1300319,71073855,38283784,936704
Admin,3/11/21,LTC,22590,6962,15373,7566152,4775981,2732565,7518,23488,15706,null,null,15379,4775981,2732649,15717
Report,3/11/21,US,null,null,null,null,null,null,null,null,null,2482603,2233006,null,null,null,null
Admin,3/10/21,US,2932530,1968767,948630,106066515,68903132,35916018,1531005,2306765,762635,null,null,1180418,68903132,36983465,913339
Admin,3/10/21,LTC,23660,7635,15808,7543562,4769019,2717192,8181,26085,17618,null,null,15809,4769019,2717270,17628
Report,3/10/21,US,null,null,null,null,null,null,null,null,null,2028692,2168688,null,null,null,null
Admin,3/9/21,US,2495172,1697130,787881,103133985,66934365,34967388,1486128,2275496,775166,null,null,988564,66934365,35803047,894172
Admin,3/9/21,LTC,27095,9360,17536,7519902,4761384,2701384,8932,28605,19374,null,null,17537,4761384,2701461,19384
Report,3/9/21,US,null,null,null,null,null,null,null,null,null,1602746,2151571,null,null,null,null
Admin,3/8/21,US,1999463,1395708,594038,100638813,65237235,34179507,1440333,2243548,787780,null,null,778422,65237235,34814483,878206
Admin,3/8/21,LTC,24080,7520,16289,7492807,4752024,2683848,9689,30557,20544,null,null,16291,4752024,2683924,20555
Report,3/8/21,US,null,null,null,null,null,null,null,null,null,1738102,2169981,null,null,null,null
Admin,3/7/21,US,849455,631713,214472,98639350,63841527,33585469,1392145,2211959,802576,null,null,313490,63841527,34036061,866713
Admin,3/7/21,LTC,10695,3321,7138,7468727,4744504,2667559,10447,32510,21723,null,null,7140,4744504,2667633,21733
Report,3/7/21,US,null,null,null,null,null,null,null,null,null,2439427,2159392,null,null,null,null
Admin,3/6/21,US,1907758,1272120,627001,97789895,63209814,33370997,1374371,2202569,809979,null,null,798134,63209814,33722571,859974
Admin,3/6/21,LTC,16580,5107,11289,7458032,4741183,2660421,10867,34077,22859,null,null,11348,4741183,2660493,22869
Report,3/6/21,US,null,null,null,null,null,null,null,null,null,2904229,2158020,null,null,null,null
Admin,3/5/21,US,2994598,1900642,1076427,95882137,61937694,32743996,1349616,2198621,829338,null,null,1197581,61937694,32924437,854913
Admin,3/5/21,LTC,39716,12721,26508,7441452,4736076,2649132,12023,37774,25354,null,null,26515,4736076,2649145,25356
Report,3/5/21,US,null,null,null,null,null,null,null,null,null,2435246,2079147,null,null,null,null
Admin,3/4/21,US,2968383,1850953,1089999,92887539,60037052,31667569,1309140,2188971,858543,null,null,1136766,60037052,31726856,866818
Admin,3/4/21,LTC,40772,11604,28761,7401736,4723355,2622624,13415,42134,28240,null,null,28761,4723355,2622630,28240
Report,3/4/21,US,null,null,null,null,null,null,null,null,null,2032374,2042676,null,null,null,null
Admin,3/3/21,US,2713648,1654627,1036344,89919156,58186099,30577570,1255911,2158526,880466,null,null,1046252,58186099,30590090,882082
Admin,3/3/21,LTC,41299,12893,28097,7360964,4711751,2593863,17769,52085,33756,null,null,28099,4711751,2593869,33757
Report,3/3/21,US,null,null,null,null,null,null,null,null,null,1908873,2010790,null,null,null,null
Admin,3/2/21,US,2271535,1376566,876180,87205508,56531472,29541226,1191185,2109958,895920,null,null,876798,56531472,29543838,896134
Admin,3/2/21,LTC,40757,14660,25729,7319665,4698858,2565766,21369,61239,39243,null,null,25732,4698858,2565770,39243
Report,3/2/21,US,null,null,null,null,null,null,null,null,null,1731614,1942788,null,null,null,null
Admin,3/1/21,US,1778336,1058392,697609,84933973,55154906,28665046,1114873,2046522,907215,null,null,697976,55154906,28667040,907347
Admin,3/1/21,LTC,37756,12822,24541,7278908,4684198,2540037,23543,68752,44490,null,null,24541,4684198,2540038,44490
Report,3/1/21,US,null,null,null,null,null,null,null,null,null,1663984,1817502,null,null,null,null
Admin,2/28/21,US,783729,507295,266294,83155637,54096514,27967437,1049585,1988458,914246,null,null,266316,54096514,27969064,914333
Admin,2/28/21,LTC,21659,6264,15088,7241152,4671376,2515496,25883,76832,50160,null,null,15088,4671376,2515497,50160
Report,2/28/21,US,null,null,null,null,null,null,null,null,null,2429823,1735053,null,null,null,null
Admin,2/27/21,US,1880121,1098834,762515,82371908,53589219,27701143,1010915,1953867,918608,null,null,762708,53589219,27702748,918695
Admin,2/27/21,LTC,42465,13198,28757,7219493,4665112,2500408,26817,79781,52147,null,null,28757,4665112,2500409,52147
Report,2/27/21,US,null,null,null,null,null,null,null,null,null,2352116,1645240,null,null,null,null
Admin,2/26/21,US,2927048,1617310,1280857,80491787,52490385,26938628,937292,1862680,901659,null,null,1280912,52490385,26940040,901722
Admin,2/26/21,LTC,70233,22467,46707,7177028,4651914,2471651,27694,82359,53837,null,null,46707,4651914,2471652,53836
Report,2/26/21,US,null,null,null,null,null,null,null,null,null,2179947,1552717,null,null,null,null
Admin,2/25/21,US,2755268,1478350,1243462,77564739,50873075,25657771,821699,1710674,865850,null,null,1243618,50873075,25659128,865923
Admin,2/25/21,LTC,110431,42082,67376,7106795,4629447,2424944,29825,88318,57614,null,null,67376,4629447,2424945,57613
Report,2/25/21,US,null,null,null,null,null,null,null,null,null,1809170,1505193,null,null,null,null
Admin,2/24/21,US,2373669,1201545,1144524,74809471,49394725,24414309,725993,1567558,819752,null,null,1144616,49394725,24415510,819809
Admin,2/24/21,LTC,105377,38087,66501,6996364,4587365,2357568,29065,88490,58460,null,null,66501,4587365,2357569,58459
Report,2/24/21,US,null,null,null,null,null,null,null,null,null,1432864,1454731,null,null,null,null
Admin,2/23/21,US,1827484,842383,955243,72435802,48193180,23269785,684312,1496373,791271,null,null,955285,48193180,23270894,791318
Admin,2/23/21,LTC,93344,29884,62463,6890987,4549278,2291067,29436,90269,59790,null,null,62463,4549278,2291068,59789
Report,2/23/21,US,null,null,null,null,null,null,null,null,null,854609,1401674,null,null,null,null
Admin,2/22/21,US,1371888,601375,746827,70608318,47350797,22314542,674619,1455533,761544,null,null,746879,47350797,22315609,761589
Admin,2/22/21,LTC,94317,29202,64228,6797643,4519394,2228604,31221,93121,60863,null,null,64228,4519394,2228605,60863
Report,2/22/21,US,null,null,null,null,null,null,null,null,null,1086840,1416701,null,null,null,null
Admin,2/21/21,US,541593,236605,296828,69236430,46749422,21567715,673319,1417173,725572,null,null,296848,46749422,21568730,725612
Admin,2/21/21,LTC,42300,12802,28998,6703326,4490192,2164376,32537,94745,61192,null,null,28998,4490192,2164377,61191
Report,2/21/21,US,null,null,null,null,null,null,null,null,null,1801134,1458040,null,null,null,null
Admin,2/20/21,US,1241810,583478,643875,68694837,46512817,21270887,686498,1418476,714223,null,null,643896,46512817,21271882,714262
Admin,2/20/21,LTC,60515,19337,40583,6661026,4477390,2135378,34286,96390,61044,null,null,40583,4477390,2135379,61044
Report,2/20/21,US,null,null,null,null,null,null,null,null,null,1704457,1521088,null,null,null,null
Admin,2/19/21,US,1863007,808157,1030190,67453027,45929339,20627012,722430,1441092,700783,null,null,1030319,45929339,20627986,700823
Admin,2/19/21,LTC,111944,37382,73147,6600511,4458053,2094795,37612,99939,61284,null,null,73147,4458053,2094796,61284
Report,2/19/21,US,null,null,null,null,null,null,null,null,null,1847276,1596355,null,null,null,null
Admin,2/18/21,US,1753456,808411,920775,65590020,45121182,19596822,797822,1525778,709926,null,null,920820,45121182,19597667,709952
Admin,2/18/21,LTC,111638,36764,73298,6488567,4420671,2021648,44315,108449,63137,null,null,73298,4420671,2021649,63136
Report,2/18/21,US,null,null,null,null,null,null,null,null,null,1455940,1621071,null,null,null,null
Admin,2/17/21,US,1875373,909775,945158,63836564,44312771,18676047,858499,1600015,724472,null,null,945185,44312771,18676847,724495
Admin,2/17/21,LTC,117831,40681,75811,6376929,4383907,1948350,47992,115340,66388,null,null,75811,4383907,1948351,66388
Report,2/17/21,US,null,null,null,null,null,null,null,null,null,1061463,1644551,null,null,null,null
Admin,2/16/21,US,1541609,774533,747158,61961191,43402996,17730889,898544,1642761,727843,null,null,747181,43402996,17731662,727866
Admin,2/16/21,LTC,113305,42377,69978,6259098,4343226,1872539,50909,121706,69757,null,null,69978,4343226,1872540,69757
Report,2/16/21,US,null,null,null,null,null,null,null,null,null,959794,1716311,null,null,null,null
Admin,2/15/21,US,1103363,592276,495017,60419582,42628463,16983731,931826,1688047,740684,null,null,495040,42628463,16984481,740707
Admin,2/15/21,LTC,105686,38417,66527,6145793,4300849,1802561,55544,129708,73055,null,null,66527,4300849,1802562,73055
Report,2/15/21,US,null,null,null,null,null,null,null,null,null,1376214,1691850,null,null,null,null
Admin,2/14/21,US,550718,328857,217390,59316219,42036187,16488714,962939,1741612,763550,null,null,217394,42036187,16489441,763573
Admin,2/14/21,LTC,53812,25042,27967,6040107,4262432,1736034,60530,137710,75978,null,null,27967,4262432,1736035,75978
Report,2/14/21,US,null,null,null,null,null,null,null,null,null,2242472,1667631,null,null,null,null
Admin,2/13/21,US,1400124,835002,549796,58765501,41707330,16271324,955032,1723785,753396,null,null,549822,41707330,16272047,753419
Admin,2/13/21,LTC,85362,42622,42263,5986295,4237390,1708067,61263,139377,76947,null,null,42263,4237390,1708068,76946
Report,2/13/21,US,null,null,null,null,null,null,null,null,null,2231326,1657703,null,null,null,null
Admin,2/12/21,US,2455804,1335903,1094191,57365377,40872328,15721528,954970,1701388,731566,null,null,1094225,40872328,15722225,731589
Admin,2/12/21,LTC,171510,84299,86114,5900933,4194768,1665804,63836,143045,77997,null,null,86114,4194768,1665805,77997
Report,2/12/21,US,null,null,null,null,null,null,null,null,null,2020288,1655907,null,null,null,null
Admin,2/11/21,US,2273114,1233144,1022591,54909573,39536425,14627337,952755,1670231,703463,null,null,1022624,39536425,14628000,703485
Admin,2/11/21,LTC,159879,62508,96057,5729423,4110469,1579690,67564,148332,79490,null,null,96057,4110469,1579691,79489
Report,2/11/21,US,null,null,null,null,null,null,null,null,null,1620300,1598080,null,null,null,null
Admin,2/10/21,US,2174596,1190095,968760,52636459,38303281,13604746,969283,1663875,679535,null,null,968780,38303281,13605376,679555
Admin,2/10/21,LTC,162389,61099,99394,5569544,4047961,1483633,72854,154594,80526,null,null,99394,4047961,1483634,80525
Report,2/10/21,US,null,null,null,null,null,null,null,null,null,1563780,1555959,null,null,null,null
Admin,2/9/21,US,1858616,1007503,837041,50461863,37113186,12635986,975050,1644779,653074,null,null,837064,37113186,12636596,653094
Admin,2/9/21,LTC,169319,74820,93066,5407155,3986862,1384239,78592,159948,80159,null,null,93066,3986862,1384240,80158
Report,2/9/21,US,null,null,null,null,null,null,null,null,null,788573,1489333,null,null,null,null
Admin,2/8/21,US,1478313,810066,655082,48603247,36105683,11798945,963938,1607564,626223,null,null,655102,36105683,11799532,626243
Admin,2/8/21,LTC,161700,73320,86986,5237836,3912042,1291173,81687,162668,79780,null,null,86986,3912042,1291174,79780
Report,2/8/21,US,null,null,null,null,null,null,null,null,null,1206680,1456459,null,null,null,null
Admin,2/7/21,US,425929,273514,146312,47124934,35295617,11143863,949566,1574529,606771,null,null,146319,35295617,11144430,606792
Admin,2/7/21,LTC,65480,30173,34746,5076136,3838722,1204187,83833,164467,79502,null,null,34746,3838722,1204188,79502
Report,2/7/21,US,null,null,null,null,null,null,null,null,null,2172973,1441091,null,null,null,null
Admin,2/6/21,US,1243350,834567,396985,46699005,35022103,10997551,955902,1576386,602384,null,null,397010,35022103,10998111,602404
Admin,2/6/21,LTC,111041,60636,49616,5010656,3808549,1169441,85619,164752,78035,null,null,49616,3808549,1169442,78034
Report,2/6/21,US,null,null,null,null,null,null,null,null,null,2218752,1351437,null,null,null,null
Admin,2/5/21,US,2237700,1320398,897469,45455655,34187536,10600566,942814,1538991,578082,null,null,897497,34187536,10601101,578098
Admin,2/5/21,LTC,208516,110390,96562,4899615,3747913,1119825,85676,162662,75940,null,null,96562,3747913,1119826,75939
Report,2/5/21,US,null,null,null,null,null,null,null,null,null,1615502,1276364,null,null,null,null
Admin,2/4/21,US,2228622,1348835,855095,43217955,32867138,9703097,943849,1480150,516204,null,null,855119,32867138,9703604,516217
Admin,2/4/21,LTC,203719,99539,103311,4691099,3637523,1023263,86216,158277,71165,null,null,103311,3637523,1023264,71165
Report,2/4/21,US,null,null,null,null,null,null,null,null,null,1325456,1287147,null,null,null,null
Admin,2/3/21,US,2040927,1230467,783537,40989333,31518303,8848002,941808,1429559,468285,null,null,783553,31518303,8848485,468299
Admin,2/3/21,LTC,199862,101268,96823,4487380,3537984,919952,88945,156419,66602,null,null,96823,3537984,919953,66602
Report,2/3/21,US,null,null,null,null,null,null,null,null,null,1097394,1317946,null,null,null,null
Admin,2/2/21,US,1598111,929719,649080,38948406,30287836,8064465,939613,1402235,443231,null,null,649101,30287836,8064932,443244
Admin,2/2/21,LTC,188359,96482,90418,4287518,3436716,823129,94587,158160,62857,null,null,90418,3436716,823130,62857
Report,2/2/21,US,null,null,null,null,null,null,null,null,null,558458,1319981,null,null,null,null
Admin,2/1/21,US,1247064,709459,518922,37350295,29358117,7415385,954298,1401901,428019,null,null,518948,29358117,7415831,428031
Admin,2/1/21,LTC,174292,88341,85039,4099159,3340234,732711,99952,160537,59975,null,null,85039,3340234,732712,59975
Report,2/1/21,US,null,null,null,null,null,null,null,null,null,1099103,1355451,null,null,null,null
Admin,1/31/21,US,438928,317866,115600,36103231,28648658,6896463,971004,1409182,418906,null,null,115602,28648658,6896883,418915
Admin,1/31/21,LTC,67477,42678,24474,3924867,3251893,647672,105325,162020,56062,null,null,24474,3251893,647673,56062
Report,1/31/21,US,null,null,null,null,null,null,null,null,null,1545397,1324949,null,null,null,null
Admin,1/30/21,US,981591,742957,226870,35664303,28330792,6780863,967254,1400435,414044,null,null,226871,28330792,6781281,414054
Admin,1/30/21,LTC,96411,61032,34950,3857390,3209215,623198,105460,161425,55332,null,null,34950,3209215,623199,55331
Report,1/30/21,US,null,null,null,null,null,null,null,null,null,1693241,1291416,null,null,null,null
Admin,1/29/21,US,1825807,1327642,464321,34682712,27587835,6553993,964391,1385057,401737,null,null,464331,27587835,6554410,401746
Admin,1/29/21,LTC,177823,114173,63140,3760979,3148183,588248,106458,161442,54344,null,null,63140,3148183,588249,54343
Report,1/29/21,US,null,null,null,null,null,null,null,null,null,1690979,1253815,null,null,null,null
Admin,1/28/21,US,1874485,1334548,519666,32856905,26260193,6089672,967324,1347270,363385,null,null,519692,26260193,6090079,363395
Admin,1/28/21,LTC,190714,118640,71370,3583156,3034010,525108,107592,154190,45962,null,null,71370,3034010,525109,45962
Report,1/28/21,US,null,null,null,null,null,null,null,null,null,1541048,1235330,null,null,null,null
Admin,1/27/21,US,1849660,1215101,608155,30982420,24925645,5570006,960751,1302797,325535,null,null,608164,24925645,5570387,325544
Admin,1/27/21,LTC,212049,140766,70609,3392442,2915370,453738,109597,147551,37335,null,null,70609,2915370,453739,37335
Report,1/27/21,US,null,null,null,null,null,null,null,null,null,1111640,1161050,null,null,null,null
Admin,1/26/21,US,1595773,1032512,542600,29132760,23710544,4961851,948941,1259801,295389,null,null,542611,23710544,4962223,295397
Admin,1/26/21,LTC,204998,134032,70243,3180393,2774604,383129,110465,144541,33450,null,null,70243,2774604,383130,33450
Report,1/26/21,US,null,null,null,null,null,null,null,null,null,806751,1065290,null,null,null,null
Admin,1/25/21,US,1298031,826404,455132,27536987,22678032,4419251,935449,1215499,265326,null,null,455139,22678032,4419612,265333
Admin,1/25/21,LTC,184673,125956,57650,2975395,2640572,312886,110175,141014,30217,null,null,57650,2640572,312887,30217
Report,1/25/21,US,null,null,null,null,null,null,null,null,null,885588,1038776,null,null,null,null
Admin,1/24/21,US,377703,291615,81567,26238956,21851628,3964119,904374,1148310,230638,null,null,81570,21851628,3964473,230646
Admin,1/24/21,LTC,63312,43621,19360,2790722,2514616,255236,110649,138972,27767,null,null,19361,2514616,255237,27767
Report,1/24/21,US,null,null,null,null,null,null,null,null,null,1310665,990557,null,null,null,null
Admin,1/23/21,US,873944,722914,140716,25861253,21560013,3882552,898356,1135880,224560,null,null,140719,21560013,3882903,224567
Admin,1/23/21,LTC,96530,68021,28033,2727410,2470995,235876,110589,136942,25809,null,null,28033,2470995,235876,25808
Report,1/23/21,US,null,null,null,null,null,null,null,null,null,1430031,925620,null,null,null,null
Admin,1/22/21,US,1561295,1348172,195857,24987309,20837099,3741836,873841,1100112,214060,null,null,195870,20837099,3742184,214068
Admin,1/22/21,LTC,127059,122108,4471,2630880,2402974,207843,108966,132352,22814,null,null,4471,2402974,207843,22813
Report,1/22/21,US,null,null,null,null,null,null,null,null,null,1561585,884336,null,null,null,null
Admin,1/21/21,US,1563177,1288541,254721,23426014,19488927,3545979,834965,1048695,202178,null,null,254740,19488927,3546314,202185
Admin,1/21/21,LTC,144238,132678,10982,2503821,2280866,203372,107291,130328,22384,null,null,10982,2280866,203372,22384
Report,1/21/21,US,null,null,null,null,null,null,null,null,null,1021093,797857,null,null,null,null
Admin,1/20/21,US,1548690,1132426,397131,21862837,18200386,3291258,809934,1005116,184103,null,null,397136,18200386,3291574,184108
Admin,1/20/21,LTC,190978,146837,43414,2359583,2148188,192390,108014,129914,21242,null,null,43414,2148188,192390,21241
Report,1/20/21,US,null,null,null,null,null,null,null,null,null,441318,808253,null,null,null,null
Admin,1/19/21,US,1285653,938068,332156,20314147,17067960,2894127,789377,965049,164743,null,null,332161,17067960,2894438,164750
Admin,1/19/21,LTC,180314,132002,47610,2168605,2001351,148976,107499,125474,17297,null,null,47610,2001351,148976,17297
Report,1/19/21,US,null,null,null,null,null,null,null,null,null,621154,886277,null,null,null,null
Admin,1/18/21,US,827708,608885,212317,19028494,16129892,2561971,779878,952174,160753,null,null,212326,16129892,2562277,160761
Admin,1/18/21,LTC,170374,129275,40499,1988291,1869349,101366,108936,122058,12411,null,null,40499,1869349,101366,12411
Report,1/18/21,US,null,null,null,null,null,null,null,null,null,548050,871378,null,null,null,null
Admin,1/17/21,US,290696,249486,39022,18200786,15521007,2349654,791359,979642,175020,null,null,39022,15521007,2349951,175028
Admin,1/17/21,LTC,49103,43202,5653,1817917,1740074,60867,109201,118207,8250,null,null,5653,1740074,60867,8250
Report,1/17/21,US,null,null,null,null,null,null,null,null,null,856109,853005,null,null,null,null
Admin,1/16/21,US,623565,551306,67219,17910090,15271521,2310632,779408,971839,178976,null,null,67226,15271521,2310929,178984
Admin,1/16/21,LTC,64399,56660,7067,1768814,1696872,55214,108034,116267,7483,null,null,7067,1696872,55214,7483
Report,1/16/21,US,null,null,null,null,null,null,null,null,null,1141043,834574,null,null,null,null
Admin,1/15/21,US,1201377,1076040,112680,17286525,14720215,2243413,751386,952186,187001,null,null,112690,14720215,2243703,187009
Admin,1/15/21,LTC,112890,110382,1463,1704415,1640212,48147,107033,114292,6522,null,null,1463,1640212,48147,6521
Report,1/15/21,US,null,null,null,null,null,null,null,null,null,956233,784495,null,null,null,null
Admin,1/14/21,US,1258123,1113325,128193,16085148,13644175,2130733,713176,949236,220823,null,null,128201,13644175,2131013,220830
Admin,1/14/21,LTC,141344,137738,2986,1591525,1529830,46684,107239,114437,6491,null,null,2986,1529830,46684,6491
Report,1/14/21,US,null,null,null,null,null,null,null,null,null,1093867,772242,null,null,null,null
Admin,1/13/21,US,1268225,988526,261615,14827025,12530850,2002540,672552,929265,240800,null,null,261625,12530850,2002812,240807
Admin,1/13/21,LTC,159898,143233,15801,1450181,1392092,43698,104991,111843,6113,null,null,15801,1392092,43698,6113
Report,1/13/21,US,null,null,null,null,null,null,null,null,null,987485,720361,null,null,null,null
Admin,1/12/21,US,1195526,871581,304226,13558800,11542324,1740925,644889,887732,227061,null,null,304239,11542324,1741187,227068
Admin,1/12/21,LTC,156403,142062,13410,1290283,1248859,27897,97955,102552,3881,null,null,13410,1248859,27897,3880
Report,1/12/21,US,null,null,null,null,null,null,null,null,null,516858,665014,null,null,null,null
Admin,1/11/21,US,1019982,689251,312188,12363274,10670743,1436699,618795,828981,195320,null,null,312198,10670743,1436948,195326
Admin,1/11/21,LTC,143414,131127,11373,1133880,1106797,14487,91389,94023,1980,null,null,11373,1106797,14487,1979
Report,1/11/21,US,null,null,null,null,null,null,null,null,null,419440,639336,null,null,null,null
Admin,1/10/21,US,236075,165830,66711,11343292,9981492,1124511,601677,772416,156691,null,null,66713,9981492,1124750,156697
Admin,1/10/21,LTC,35526,35033,283,990466,975670,3114,84783,85789,363,null,null,283,975670,3114,363
Report,1/10/21,US,null,null,null,null,null,null,null,null,null,727095,613626,null,null,null,null
Admin,1/9/21,US,485995,355146,123395,11107217,9815662,1057800,595533,757124,147457,null,null,123397,9815662,1058037,147463
Admin,1/9/21,LTC,50575,49659,337,954940,940637,2831,84329,85363,331,null,null,337,940637,2831,331
Report,1/9/21,US,null,null,null,null,null,null,null,null,null,790484,536224,null,null,null,null
Admin,1/8/21,US,1180729,808575,349430,10621222,9460516,934405,579290,723159,130131,null,null,349439,9460516,934640,130137
Admin,1/8/21,LTC,113903,111819,1248,904365,890978,2494,83782,84788,288,null,null,1248,890978,2494,288
Report,1/8/21,US,null,null,null,null,null,null,null,null,null,870465,464784,null,null,null,null
Admin,1/7/21,US,1118324,828956,268037,9440493,8651941,584975,469771,560776,80402,null,null,268041,8651941,585201,80413
Admin,1/7/21,LTC,123182,122003,341,790462,779159,1246,68037,68746,111,null,null,341,779159,1246,110
Report,1/7/21,US,null,null,null,null,null,null,null,null,null,730700,402507,null,null,null,null
Admin,1/6/21,US,977493,794882,165437,8322169,7822985,316938,408455,459767,42387,null,null,165450,7822985,317160,42398
Admin,1/6/21,LTC,94867,93980,174,667280,657156,905,52902,53453,72,null,null,174,657156,905,72
Report,1/6/21,US,null,null,null,null,null,null,null,null,null,600055,380018,null,null,null,null
Admin,1/5/21,US,784270,688926,82040,7344676,7028103,151501,408554,437050,19473,null,null,82047,7028103,151710,19483
Admin,1/5/21,LTC,96700,96104,103,572413,563176,731,50387,50968,82,null,null,103,563176,731,82
Report,1/5/21,US,null,null,null,null,null,null,null,null,null,337114,357375,null,null,null,null
Admin,1/4/21,US,624026,569426,41788,6560406,6339177,69461,407190,425092,8176,null,null,41798,6339177,69663,8186
Admin,1/4/21,LTC,85775,84880,58,475713,467072,628,47846,48504,78,null,null,58,467072,628,78
Report,1/4/21,US,null,null,null,null,null,null,null,null,null,239472,354169,null,null,null,null
Admin,1/3/21,US,129033,122822,2070,5936380,5769751,27673,405438,417571,2531,null,null,2071,5769751,27865,2539
Admin,1/3/21,LTC,32545,31859,57,389938,382192,570,44165,44782,73,null,null,57,382192,570,73
Report,1/3/21,US,null,null,null,null,null,null,null,null,null,185279,342276,null,null,null,null
Admin,1/2/21,US,248239,241446,2113,5807347,5646929,25603,400806,412322,2280,null,null,2118,5646929,25794,2289
Admin,1/2/21,LTC,46545,45829,38,357393,350333,513,40875,41411,66,null,null,38,350333,513,66
Report,1/2/21,US,null,null,null,null,null,null,null,null,null,290402,324664,null,null,null,null
Admin,1/1/21,US,44047,41940,1326,5559108,5405483,23490,385543,396451,2027,null,null,1371,5405483,23676,2035
Admin,1/1/21,LTC,1609,1605,4,310848,304504,475,35648,36100,62,null,null,4,304504,475,62
Report,1/1/21,US,null,null,null,null,null,null,null,null,null,434528,305532,null,null,null,null
Admin,12/31/20,US,411265,399742,1937,5515061,5363543,22164,381253,391874,1844,null,null,1937,5363543,22305,1846
Admin,12/31/20,LTC,16134,16057,70,309239,302899,471,35435,35887,62,null,null,70,302899,471,61
Report,12/31/20,US,null,null,null,null,null,null,null,null,null,573278,291477,null,null,null,null
Admin,12/30/20,US,818471,795574,5038,5103796,4963801,20227,350799,360570,1689,null,null,5041,4963801,20368,1691
Admin,12/30/20,LTC,77472,76376,247,293105,286842,401,33430,33874,54,null,null,247,286842,401,54
Report,12/30/20,US,null,null,null,null,null,null,null,null,null,441549,257928,null,null,null,null
Admin,12/29/20,US,700564,679379,2962,4285325,4168227,15189,315913,324150,1202,null,null,2966,4168227,15327,1204
Admin,12/29/20,LTC,79448,78317,75,215633,210466,154,25402,26056,21,null,null,75,210466,154,20
Report,12/29/20,US,null,null,null,null,null,null,null,null,null,314677,247446,null,null,null,null
Admin,12/28/20,US,571381,557166,2271,3584761,3488848,12227,281099,287646,1075,null,null,2274,3488848,12361,1076
Admin,12/28/20,LTC,59723,59113,20,136185,132149,79,16580,17104,11,null,null,20,132149,79,11
Report,12/28/20,US,null,null,null,null,null,null,null,null,null,156220,229595,null,null,null,null
Admin,12/27/20,US,92290,90396,316,3013380,2931682,9956,254341,260067,867,null,null,317,2931682,10087,868
Admin,12/27/20,LTC,8952,8825,8,76462,73036,59,10136,10596,8,null,null,8,73036,59,8
Report,12/27/20,US,null,null,null,null,null,null,null,null,null,61992,228700,null,null,null,null
Admin,12/26/20,US,137140,134601,340,2921090,2841286,9640,255831,261612,893,null,null,342,2841286,9770,899
Admin,12/26/20,LTC,9368,9241,13,67510,64211,51,8905,9347,7,null,null,13,64211,51,7
Report,12/26/20,US,null,null,null,null,null,null,null,null,null,156478,249823,null,null,null,null
Admin,12/25/20,US,12013,11911,46,2783950,2706685,9300,261676,267775,946,null,null,46,2706685,9428,952
Admin,12/25/20,LTC,115,115,0,58142,54970,38,7631,8055,5,null,null,0,54970,38,5
Report,12/25/20,US,null,null,null,null,null,null,null,null,null,336145,254256,null,null,null,null
Admin,12/24/20,US,192136,186565,852,2771937,2694774,9254,317438,325172,1024,null,null,853,2694774,9382,1030
Admin,12/24/20,LTC,2042,2026,16,58027,54855,38,7803,8256,5,null,null,16,54855,38,5
Report,12/24/20,US,null,null,null,null,null,null,null,null,null,338436,224350,null,null,null,null
Admin,12/23/20,US,563527,551373,1630,2579801,2508209,8402,327968,336479,974,null,null,1632,2508209,8529,980
Admin,12/23/20,LTC,22750,20179,13,55985,52829,22,7514,7965,3,null,null,13,52829,22,3
Report,12/23/20,US,null,null,null,null,null,null,null,null,null,368173,186817,null,null,null,null
Admin,12/22/20,US,445036,435683,2070,2016274,1956836,6772,270933,278694,770,null,null,2071,1956836,6897,777
Admin,12/22/20,LTC,16783,16561,9,33235,32650,9,4632,4715,1,null,null,9,32650,9,1
Report,12/22/20,US,null,null,null,null,null,null,null,null,null,189722,139792,null,null,null,null
Admin,12/21/20,US,378333,369860,816,1571238,1521153,4702,215240,222159,477,null,null,820,1521153,4826,485
Admin,12/21/20,LTC,14166,14002,0,16452,16089,0,2266,2317,0,null,null,0,16089,0,0
Report,12/21/20,US,null,null,null,null,null,null,null,null,null,149957,114422,null,null,null,null
Admin,12/20/20,US,103105,100823,500,1192905,1151293,3886,162915,168643,362,null,null,535,1151293,4006,370
Admin,12/20/20,LTC,211,211,0,2286,2087,0,265,293,0,null,null,0,2087,0,0
Report,12/20/20,US,null,null,null,null,null,null,null,null,null,209853,93072,null,null,null,null
Admin,12/19/20,US,180278,175520,710,1089800,1050470,3386,150067,155685,484,null,null,711,1050470,3471,495
Admin,12/19/20,LTC,323,323,0,2075,1876,0,268,296,0,null,null,0,1876,0,0
Report,12/19/20,US,null,null,null,null,null,null,null,null,null,187508,63093,null,null,null,null
Admin,12/18/20,US,413793,402242,593,909522,874950,2676,145825,151587,446,null,null,593,874950,2760,460
Admin,12/18/20,LTC,1518,1319,0,1752,1553,0,259,292,0,null,null,0,1553,0,0
Report,12/18/20,US,null,null,null,null,null,null,null,null,null,126800,42357,null,null,null,null
Admin,12/17/20,US,271286,260274,498,495729,472708,2083,94542,99145,417,null,null,503,472708,2167,433
Admin,12/17/20,LTC,5,5,0,234,234,0,47,46,0,null,null,0,234,0,0
Report,12/17/20,US,null,null,null,null,null,null,null,null,null,75708,25468,null,null,null,null
Admin,12/16/20,US,159028,152129,200,224443,212434,1585,53109,56110,396,null,null,207,212434,1664,416
Admin,12/16/20,LTC,0,0,0,229,229,0,57,57,0,null,null,0,229,0,0
Report,12/16/20,US,null,null,null,null,null,null,null,null,null,38996,12909,null,null,null,null
Admin,12/15/20,US,49295,45830,25,65415,60305,1385,20102,21805,462,null,null,29,60305,1457,485
Admin,12/15/20,LTC,0,0,0,229,229,0,76,76,0,null,null,0,229,0,0
Report,12/15/20,US,null,null,null,null,null,null,null,null,null,12129,4213,null,null,null,null
Admin,12/14/20,US,3717,3589,5,16120,14475,1360,7238,8060,680,null,null,12,14475,1428,714
Admin,12/14/20,LTC,0,0,0,229,229,0,115,114,0,null,null,0,229,0,0
Report,12/14/20,US,null,null,null,null,null,null,null,null,null,509,255,null,null,null,null
Admin,12/13/20,US,12403,10886,1355,12403,10886,1355,10886,12403,1355,null,null,1416,10886,1416,1416
Admin,12/13/20,LTC,229,229,0,229,229,0,229,229,0,null,null,0,229,0,0
Report,12/13/20,US,null,null,null,null,null,null,null,null,null,0,0,null,null,null,null
Date generated: Sat Apr 10 2021 18:51:10 GMT-0500 (Central Daylight Time),,,,,,,,,,,,,,,,,
Trends in Number of COVID-19 Vaccinations in the US,,,,,,,,,,,,,,,,,